s.id,frq,fpm,ref#
s#209846,28,0.9784723160652888,7
s#878433,25,0.8736359964868651,7
s#993565,25,0.8736359964868651,7
s#13981,25,0.8736359964868651,7
s#318503,25,0.8736359964868651,7
s#407265,25,0.8736359964868651,7
s#260373,24,0.8386905566273904,7
s#380828,24,0.8386905566273904,7
s#1010399,24,0.8386905566273904,7
s#581450,24,0.8386905566273904,7
s#309719,24,0.8386905566273904,7
s#582112,24,0.8386905566273904,7
s#377667,24,0.8386905566273904,7
s#396731,24,0.8386905566273904,7
s#336177,24,0.8386905566273904,7
s#212109,24,0.8386905566273904,7
s#306148,22,0.7687996769084412,7
s#572724,22,0.7687996769084412,7
s#532199,21,0.7338542370489667,7
s#28449,21,0.7338542370489667,7
s#396933,26,0.9085814363463397,7
s#633242,26,0.9085814363463397,7
s#77113,27,0.9435268762058142,7
s#805483,27,0.9435268762058142,7
s#550594,35,1.223090395081611,7
s#876170,34,1.1881449552221366,7
s#933439,32,1.1182540755031873,7
s#204230,32,1.1182540755031873,7
s#602828,32,1.1182540755031873,7
s#493053,32,1.1182540755031873,7
s#492738,32,1.1182540755031873,7
s#204526,32,1.1182540755031873,7
s#945388,32,1.1182540755031873,7
s#308697,57,1.9918900719900523,7
s#446952,30,1.0483631957842379,7
s#14008,30,1.0483631957842379,7
s#28141,30,1.0483631957842379,7
s#335768,30,1.0483631957842379,7
s#138374,30,1.0483631957842379,7
s#1058761,28,0.9784723160652888,7
s#584441,28,0.9784723160652888,7
s#674064,28,0.9784723160652888,7
s#252041,28,0.9784723160652888,7
s#267900,54,1.8870537524116284,7
s#908422,30,1.0483631957842379,7
s#644567,84,2.9354169481958667,7
s#637640,84,2.9354169481958667,7
s#666303,84,2.9354169481958667,7
s#531126,36,1.2580358349410856,7
s#154106,44,1.5375993538168824,7
s#76882,8,0.27956351887579683,11
s#718511,5,0.174727199297373,11
s#586198,5,0.174727199297373,11
s#634804,5,0.174727199297373,11
s#658124,5,0.174727199297373,11
s#668377,5,0.174727199297373,11
s#718938,5,0.174727199297373,11
s#766774,5,0.174727199297373,11
s#175232,5,0.174727199297373,11
s#292242,5,0.174727199297373,11
s#809557,5,0.174727199297373,11
s#251002,6,0.2096726391568476,11
s#21611,6,0.2096726391568476,11
s#852007,6,0.2096726391568476,11
s#325530,6,0.2096726391568476,11
s#83233,6,0.2096726391568476,11
s#744756,6,0.2096726391568476,11
s#86624,6,0.2096726391568476,11
s#12197,6,0.2096726391568476,11
s#442933,6,0.2096726391568476,11
s#505497,5,0.174727199297373,11
s#863116,5,0.174727199297373,11
s#633921,8,0.27956351887579683,11
s#146365,8,0.27956351887579683,11
s#586446,8,0.27956351887579683,11
s#658115,6,0.2096726391568476,11
s#188007,6,0.2096726391568476,11
s#831697,6,0.2096726391568476,11
s#1025682,5,0.174727199297373,11
s#1016070,5,0.174727199297373,11
s#927414,5,0.174727199297373,11
s#360902,5,0.174727199297373,11
s#202083,5,0.174727199297373,11
s#809849,5,0.174727199297373,11
s#246425,5,0.174727199297373,11
s#79781,5,0.174727199297373,11
s#301949,5,0.174727199297373,11
s#50663,5,0.174727199297373,11
s#396933,5,0.174727199297373,11
s#776386,5,0.174727199297373,11
s#226490,5,0.174727199297373,11
s#603035,5,0.174727199297373,11
s#134280,8,0.27956351887579683,11
s#704084,5,0.174727199297373,11
s#952345,10,0.349454398594746,11
s#940396,10,0.349454398594746,11
s#907188,6,0.2096726391568476,11
s#586790,6,0.2096726391568476,11
s#800550,10,0.349454398594746,11
s#987153,10,0.349454398594746,11
s#705091,5,0.174727199297373,15
s#692067,5,0.174727199297373,15
s#728781,3,0.1048363195784238,15
s#25640,3,0.1048363195784238,15
s#355817,3,0.1048363195784238,15
s#366391,2,0.06989087971894921,15
s#891940,2,0.06989087971894921,15
s#1066123,2,0.06989087971894921,15
s#794476,1,0.034945439859474604,15
s#384871,5,0.174727199297373,19
s#384872,5,0.174727199297373,19
s#705091,5,0.174727199297373,19
s#816199,5,0.174727199297373,19
s#692067,5,0.174727199297373,19
s#730410,5,0.174727199297373,19
s#734098,5,0.174727199297373,19
s#663891,5,0.174727199297373,19
s#455316,5,0.174727199297373,19
s#648590,5,0.174727199297373,19
s#636733,5,0.174727199297373,19
s#938035,5,0.174727199297373,19
s#154135,4,0.13978175943789842,19
s#776915,4,0.13978175943789842,19
s#40963,4,0.13978175943789842,19
s#775439,5,0.174727199297373,19
s#816127,6,0.2096726391568476,19
s#769056,6,0.2096726391568476,19
s#86131,6,0.2096726391568476,19
s#25778,6,0.2096726391568476,19
s#1061739,6,0.2096726391568476,19
s#222425,4,0.13978175943789842,19
s#783820,4,0.13978175943789842,19
s#85040,4,0.13978175943789842,19
s#949984,5,0.174727199297373,19
s#92398,4,0.13978175943789842,19
s#111405,4,0.13978175943789842,19
s#166960,4,0.13978175943789842,19
s#1020274,4,0.13978175943789842,19
s#665400,4,0.13978175943789842,19
s#732256,4,0.13978175943789842,19
s#734165,4,0.13978175943789842,19
s#754339,4,0.13978175943789842,19
s#65820,4,0.13978175943789842,19
s#762056,4,0.13978175943789842,19
s#268697,4,0.13978175943789842,19
s#774652,4,0.13978175943789842,19
s#24787,4,0.13978175943789842,19
s#829056,5,0.174727199297373,19
s#973228,4,0.13978175943789842,19
s#365906,4,0.13978175943789842,19
s#215228,4,0.13978175943789842,19
s#65776,4,0.13978175943789842,19
s#923211,4,0.13978175943789842,19
s#1065924,4,0.13978175943789842,19
s#112824,4,0.13978175943789842,19
s#482936,4,0.13978175943789842,19
s#66769,4,0.13978175943789842,19
s#130411,4,0.13978175943789842,19
s#66722,4,0.13978175943789842,19
s#382469,4,0.13978175943789842,23
s#1061958,6,0.2096726391568476,23
s#693962,5,0.174727199297373,23
s#560829,5,0.174727199297373,23
s#506373,5,0.174727199297373,23
s#512733,5,0.174727199297373,23
s#1011212,5,0.174727199297373,23
s#750632,5,0.174727199297373,23
s#355570,4,0.13978175943789842,23
s#398454,3,0.1048363195784238,23
s#739338,4,0.13978175943789842,23
s#778524,4,0.13978175943789842,23
s#972843,4,0.13978175943789842,23
s#677250,3,0.1048363195784238,23
s#973699,6,0.2096726391568476,23
s#945368,3,0.1048363195784238,23
s#1863,3,0.1048363195784238,23
s#357339,3,0.1048363195784238,23
s#933419,3,0.1048363195784238,23
s#203123,4,0.13978175943789842,23
s#370398,6,0.2096726391568476,23
s#1009804,7,0.2446180790163222,23
s#525518,6,0.2096726391568476,23
s#306293,15,0.5241815978921189,23
s#51421,12,0.4193452783136952,23
s#106741,12,0.4193452783136952,23
s#561001,11,0.3843998384542206,23
s#138445,9,0.3145089587352714,23
s#138526,9,0.3145089587352714,23
s#798338,9,0.3145089587352714,23
s#580719,8,0.27956351887579683,23
s#135243,8,0.27956351887579683,23
s#814415,6,0.2096726391568476,23
s#709402,8,0.27956351887579683,23
s#773240,8,0.27956351887579683,23
s#798216,8,0.27956351887579683,23
s#1033574,8,0.27956351887579683,23
s#68541,7,0.2446180790163222,23
s#549798,7,0.2446180790163222,23
s#828874,3,0.1048363195784238,23
s#579305,7,0.2446180790163222,23
s#723261,7,0.2446180790163222,23
s#1018522,7,0.2446180790163222,23
s#218360,8,0.27956351887579683,23
s#866816,3,0.1048363195784238,23
s#132454,6,0.2096726391568476,23
s#710045,2,0.06989087971894921,23
s#441846,2,0.06989087971894921,23
s#211691,2,0.06989087971894921,23
s#1029016,3,0.1048363195784238,23
s#525881,180,6.290179174705428,27
s#29046,191,6.674579013159649,27
s#150138,196,6.849306212457021,27
s#214489,199,6.954142532035446,27
s#208183,199,6.954142532035446,27
s#908246,204,7.128869731332819,27
s#497136,240,8.386905566273903,27
s#577842,246,8.59657820543075,27
s#509939,261,9.120759803322871,27
s#479704,270,9.435268762058143,27
s#339644,274,9.575050521496042,27
s#591540,282,9.854614040371837,27
s#809863,169,5.905779336251208,27
s#579816,288,10.064286679528685,27
s#654846,432,15.096430019293027,27
s#666301,432,15.096430019293027,27
s#342277,413,14.43246666196301,27
s#207167,404,14.11795770322774,27
s#27510,361,12.615303789270332,27
s#266918,338,11.811558672502416,27
s#660488,336,11.741667792783467,27
s#596294,300,10.48363195784238,27
s#557423,275,9.609995961355516,27
s#207127,168,5.8708338963917335,27
s#77491,210,7.338542370489667,27
s#107871,164,5.731052136953835,27
s#1041656,116,4.053671023699054,27
s#619683,117,4.0886164635585285,27
s#714588,117,4.0886164635585285,27
s#332879,168,5.8708338963917335,27
s#213731,120,4.1934527831369515,27
s#395158,122,4.263343662855901,27
s#592305,123,4.298289102715375,27
s#160412,124,4.33323454257485,27
s#77653,126,4.403125422293799,27
s#644565,126,4.403125422293799,27
s#106256,130,4.542907181731699,27
s#955481,136,4.752579820888546,27
s#401002,118,4.123561903418003,27
s#589223,138,4.822470700607496,27
s#943532,136,4.752579820888546,27
s#1027574,159,5.556324937656461,27
s#336098,156,5.451488618078038,27
s#194954,917,32.04496835113821,27
s#205138,154,5.381597738359089,27
s#536065,161,5.62621581737541,27
s#781377,144,5.0321433397643425,27
s#427867,140,4.892361580326444,27
s#436995,138,4.822470700607496,27
s#194320,154,5.381597738359089,27
s#757271,147,5.136979659342766,31
s#526719,305,10.658359157139754,31
s#28918,162,5.661161257234885,31
s#348716,173,6.045561095689107,31
s#572514,185,6.464906374002801,31
s#204716,196,6.849306212457021,31
s#195558,267,9.330432442479719,31
s#419348,152,5.3117068586401395,31
s#530174,90,3.145089587352714,31
s#366397,105,3.6692711852448334,31
s#1066129,99,3.4595985460879852,31
s#439046,95,3.319816786650087,31
s#550322,90,3.145089587352714,31
s#530621,89,3.1101441474932394,31
s#596629,88,3.075198707633765,31
s#531427,86,3.005307827914816,31
s#201159,141,4.927307020185919,31
s#437072,108,3.774107504823257,31
s#372532,139,4.857416140466969,31
s#204179,79,2.760689748898493,31
s#195373,135,4.717634381029072,31
s#28108,84,2.9354169481958667,31
s#967017,82,2.8655260684769175,31
s#203432,81,2.8305806286174424,31
s#205772,81,2.8305806286174424,31
s#975634,81,2.8305806286174424,31
s#436960,111,3.8789438244016807,31
s#859739,80,2.795635188757968,31
s#205943,78,2.725744309039019,31
s#523004,74,2.5859625496011205,31
s#438887,72,2.5160716698821712,31
s#441419,70,2.446180790163222,31
s#205395,70,2.446180790163222,31
s#200636,123,4.298289102715375,31
s#201649,127,4.438070862153275,31
s#515766,129,4.507961741872224,31
s#439229,130,4.542907181731699,31
s#199325,133,4.6477435013101225,31
s#42902,70,2.446180790163222,31
s#717178,69,2.411235350303748,31
s#205060,69,2.411235350303748,31
s#206110,68,2.376289910444273,31
s#523331,66,2.306399030725324,31
s#583947,66,2.306399030725324,31
s#186758,66,2.306399030725324,31
s#803499,66,2.306399030725324,31
s#552968,66,2.306399030725324,31
s#429819,66,2.306399030725324,31
s#198485,137,4.787525260748021,31
s#200689,85,2.9703623880553414,31
s#904964,19,0.6639633573300174,35
s#5340,17,0.5940724776110683,35
s#620091,12,0.4193452783136952,35
s#744445,12,0.4193452783136952,35
s#346852,12,0.4193452783136952,35
s#827278,13,0.45429071817316985,35
s#816706,13,0.45429071817316985,35
s#359849,13,0.45429071817316985,35
s#241318,15,0.5241815978921189,35
s#22335,15,0.5241815978921189,35
s#220286,15,0.5241815978921189,35
s#124240,15,0.5241815978921189,35
s#87234,15,0.5241815978921189,35
s#327466,15,0.5241815978921189,35
s#105411,12,0.4193452783136952,35
s#220706,15,0.5241815978921189,35
s#448852,16,0.5591270377515937,35
s#237779,16,0.5591270377515937,35
s#540892,17,0.5940724776110683,35
s#220704,17,0.5940724776110683,35
s#760483,17,0.5940724776110683,35
s#357689,27,0.9435268762058142,35
s#243744,26,0.9085814363463397,35
s#201389,25,0.8736359964868651,35
s#241255,25,0.8736359964868651,35
s#307241,24,0.8386905566273904,35
s#608189,23,0.8037451167679158,35
s#166128,21,0.7338542370489667,35
s#515455,15,0.5241815978921189,35
s#421307,18,0.6290179174705428,35
s#276548,12,0.4193452783136952,35
s#622728,12,0.4193452783136952,35
s#639729,10,0.349454398594746,35
s#327439,10,0.349454398594746,35
s#102342,10,0.349454398594746,35
s#584439,10,0.349454398594746,35
s#638109,10,0.349454398594746,35
s#631192,10,0.349454398594746,35
s#964757,10,0.349454398594746,35
s#276566,11,0.3843998384542206,35
s#181360,11,0.3843998384542206,35
s#404844,12,0.4193452783136952,35
s#379527,18,0.6290179174705428,35
s#421309,11,0.3843998384542206,35
s#459794,12,0.4193452783136952,35
s#379529,11,0.3843998384542206,35
s#415768,11,0.3843998384542206,35
s#164280,11,0.3843998384542206,35
s#735675,11,0.3843998384542206,35
s#220777,11,0.3843998384542206,35
s#93641,19,0.6639633573300174,39
s#693850,19,0.6639633573300174,39
s#220712,20,0.698908797189492,39
s#88633,20,0.698908797189492,39
s#431529,20,0.698908797189492,39
s#966901,20,0.698908797189492,39
s#198495,20,0.698908797189492,39
s#521167,20,0.698908797189492,39
s#194954,20,0.698908797189492,39
s#528278,20,0.698908797189492,39
s#530621,33,1.153199515362662,39
s#129237,20,0.698908797189492,39
s#349344,24,0.8386905566273904,39
s#18637,24,0.8386905566273904,39
s#101282,24,0.8386905566273904,39
s#104744,24,0.8386905566273904,39
s#644542,24,0.8386905566273904,39
s#715019,24,0.8386905566273904,39
s#755218,24,0.8386905566273904,39
s#335697,24,0.8386905566273904,39
s#426687,25,0.8736359964868651,39
s#664982,25,0.8736359964868651,39
s#398644,27,0.9435268762058142,39
s#761059,28,0.9784723160652888,39
s#279513,35,1.223090395081611,39
s#584458,30,1.0483631957842379,39
s#25658,42,1.4677084740979334,39
s#346619,35,1.223090395081611,39
s#495889,25,0.8736359964868651,39
s#989109,24,0.8386905566273904,39
s#25175,25,0.8736359964868651,39
s#378838,22,0.7687996769084412,39
s#1027207,24,0.8386905566273904,39
s#775103,20,0.698908797189492,39
s#853219,20,0.698908797189492,39
s#570980,20,0.698908797189492,39
s#608346,20,0.698908797189492,39
s#620868,20,0.698908797189492,39
s#686423,20,0.698908797189492,39
s#724773,20,0.698908797189492,39
s#733875,20,0.698908797189492,39
s#185979,20,0.698908797189492,39
s#420621,20,0.698908797189492,39
s#349336,21,0.7338542370489667,39
s#586107,21,0.7338542370489667,39
s#812809,20,0.698908797189492,39
s#24996,21,0.7338542370489667,39
s#436231,20,0.698908797189492,39
s#758328,20,0.698908797189492,39
s#1024731,20,0.698908797189492,39
s#988744,8,0.27956351887579683,43
s#1022831,8,0.27956351887579683,43
s#443789,8,0.27956351887579683,43
s#414501,8,0.27956351887579683,43
s#408315,8,0.27956351887579683,43
s#185595,8,0.27956351887579683,43
s#560842,8,0.27956351887579683,43
s#292144,8,0.27956351887579683,43
s#265105,8,0.27956351887579683,43
s#319553,8,0.27956351887579683,43
s#451994,8,0.27956351887579683,43
s#362704,8,0.27956351887579683,43
s#1042341,8,0.27956351887579683,43
s#557061,8,0.27956351887579683,43
s#303622,8,0.27956351887579683,43
s#365808,8,0.27956351887579683,43
s#361602,8,0.27956351887579683,43
s#1065826,8,0.27956351887579683,43
s#373078,8,0.27956351887579683,43
s#19321,8,0.27956351887579683,43
s#528971,10,0.349454398594746,43
s#565819,8,0.27956351887579683,43
s#565593,8,0.27956351887579683,43
s#533525,12,0.4193452783136952,43
s#548735,12,0.4193452783136952,43
s#229740,12,0.4193452783136952,43
s#18722,12,0.4193452783136952,43
s#242105,12,0.4193452783136952,43
s#749265,12,0.4193452783136952,43
s#838328,12,0.4193452783136952,43
s#404747,10,0.349454398594746,43
s#291671,10,0.349454398594746,43
s#211596,10,0.349454398594746,43
s#472659,10,0.349454398594746,43
s#266705,10,0.349454398594746,43
s#413137,12,0.4193452783136952,43
s#526454,9,0.3145089587352714,43
s#641837,10,0.349454398594746,43
s#891462,9,0.3145089587352714,43
s#231559,9,0.3145089587352714,43
s#580425,9,0.3145089587352714,43
s#287749,9,0.3145089587352714,43
s#5035,9,0.3145089587352714,43
s#239720,9,0.3145089587352714,43
s#841134,9,0.3145089587352714,43
s#165326,9,0.3145089587352714,43
s#183447,9,0.3145089587352714,43
s#364784,9,0.3145089587352714,43
s#698541,8,0.27956351887579683,43
s#444013,9,0.3145089587352714,43
s#655324,2,0.06989087971894921,47
s#24198,2,0.06989087971894921,47
s#90016,2,0.06989087971894921,47
s#728594,2,0.06989087971894921,47
s#949409,2,0.06989087971894921,47
s#289235,2,0.06989087971894921,47
s#645388,2,0.06989087971894921,47
s#152618,2,0.06989087971894921,47
s#233207,2,0.06989087971894921,47
s#314280,2,0.06989087971894921,47
s#747142,2,0.06989087971894921,47
s#653804,1,0.034945439859474604,47
s#158553,2,0.06989087971894921,47
s#267516,2,0.06989087971894921,47
s#827115,2,0.06989087971894921,47
s#833488,2,0.06989087971894921,47
s#773908,1,0.034945439859474604,47
s#1060333,2,0.06989087971894921,47
s#1014970,2,0.06989087971894921,47
s#1007248,2,0.06989087971894921,47
s#292049,2,0.06989087971894921,47
s#937460,2,0.06989087971894921,47
s#851708,2,0.06989087971894921,47
s#226742,2,0.06989087971894921,47
s#511469,3,0.1048363195784238,47
s#448167,2,0.06989087971894921,47
s#841720,2,0.06989087971894921,47
s#109789,8,0.27956351887579683,47
s#149035,6,0.2096726391568476,47
s#740284,5,0.174727199297373,47
s#781101,4,0.13978175943789842,47
s#4532,4,0.13978175943789842,47
s#648117,3,0.1048363195784238,47
s#500801,3,0.1048363195784238,47
s#450222,3,0.1048363195784238,47
s#40462,3,0.1048363195784238,47
s#746945,2,0.06989087971894921,47
s#148965,3,0.1048363195784238,47
s#139992,3,0.1048363195784238,47
s#258078,2,0.06989087971894921,47
s#766044,2,0.06989087971894921,47
s#609010,2,0.06989087971894921,47
s#603102,2,0.06989087971894921,47
s#312650,2,0.06989087971894921,47
s#589830,2,0.06989087971894921,47
s#541958,2,0.06989087971894921,47
s#793777,2,0.06989087971894921,47
s#448180,2,0.06989087971894921,47
s#41783,3,0.1048363195784238,47
s#869241,2,0.06989087971894921,47
s#325325,5,0.174727199297373,51
s#268662,14,0.4892361580326444,51
s#355464,5,0.174727199297373,51
s#303208,5,0.174727199297373,51
s#285573,5,0.174727199297373,51
s#143755,5,0.174727199297373,51
s#512963,5,0.174727199297373,51
s#745641,5,0.174727199297373,51
s#1028461,5,0.174727199297373,51
s#417858,4,0.13978175943789842,51
s#143745,4,0.13978175943789842,51
s#671571,4,0.13978175943789842,51
s#438601,22,0.7687996769084412,51
s#355435,3,0.1048363195784238,51
s#1015048,3,0.1048363195784238,51
s#890728,3,0.1048363195784238,51
s#634751,4,0.13978175943789842,51
s#242120,4,0.13978175943789842,51
s#242057,4,0.13978175943789842,51
s#457119,4,0.13978175943789842,51
s#629284,4,0.13978175943789842,51
s#633355,4,0.13978175943789842,51
s#332176,4,0.13978175943789842,51
s#522514,5,0.174727199297373,51
s#1048154,5,0.174727199297373,51
s#79921,4,0.13978175943789842,51
s#299059,5,0.174727199297373,51
s#608114,5,0.174727199297373,51
s#359748,6,0.2096726391568476,51
s#452494,6,0.2096726391568476,51
s#43811,7,0.2446180790163222,51
s#77571,6,0.2096726391568476,51
s#490544,8,0.27956351887579683,51
s#78273,9,0.3145089587352714,51
s#228170,9,0.3145089587352714,51
s#495772,10,0.349454398594746,51
s#403256,10,0.349454398594746,51
s#78212,11,0.3843998384542206,51
s#253570,7,0.2446180790163222,51
s#82847,6,0.2096726391568476,51
s#71003,6,0.2096726391568476,51
s#76781,6,0.2096726391568476,51
s#86515,6,0.2096726391568476,51
s#949305,6,0.2096726391568476,51
s#589688,6,0.2096726391568476,51
s#628412,6,0.2096726391568476,51
s#937356,6,0.2096726391568476,51
s#267416,13,0.45429071817316985,51
s#1010837,6,0.2096726391568476,51
s#793657,6,0.2096726391568476,51
s#643402,3,0.1048363195784238,55
s#766924,3,0.1048363195784238,55
s#1052141,4,0.13978175943789842,55
s#78013,4,0.13978175943789842,55
s#786783,5,0.174727199297373,55
s#341390,4,0.13978175943789842,55
s#876892,4,0.13978175943789842,55
s#657725,5,0.174727199297373,55
s#571663,11,0.3843998384542206,55
s#580126,20,0.698908797189492,55
s#594511,3,0.1048363195784238,55
s#544363,4,0.13978175943789842,55
s#242066,3,0.1048363195784238,55
s#610939,2,0.06989087971894921,55
s#13666,3,0.1048363195784238,55
s#936698,1,0.034945439859474604,55
s#922429,1,0.034945439859474604,55
s#888625,1,0.034945439859474604,55
s#455254,1,0.034945439859474604,55
s#271550,1,0.034945439859474604,55
s#230487,1,0.034945439859474604,55
s#132457,1,0.034945439859474604,55
s#83124,1,0.034945439859474604,55
s#888621,1,0.034945439859474604,55
s#948647,1,0.034945439859474604,55
s#131650,1,0.034945439859474604,55
s#672865,1,0.034945439859474604,55
s#191275,1,0.034945439859474604,55
s#802431,1,0.034945439859474604,55
s#224699,2,0.06989087971894921,55
s#399699,2,0.06989087971894921,55
s#552312,2,0.06989087971894921,55
s#87962,2,0.06989087971894921,55
s#503068,2,0.06989087971894921,55
s#736909,2,0.06989087971894921,55
s#786738,2,0.06989087971894921,55
s#83854,2,0.06989087971894921,55
s#644105,2,0.06989087971894921,55
s#445713,3,0.1048363195784238,55
s#734520,1,0.034945439859474604,55
s#859927,4,0.13978175943789842,55
s#787371,6,0.2096726391568476,59
s#152581,3,0.1048363195784238,59
s#598496,3,0.1048363195784238,59
s#949204,3,0.1048363195784238,59
s#399832,3,0.1048363195784238,59
s#435637,3,0.1048363195784238,59
s#858811,3,0.1048363195784238,59
s#80598,3,0.1048363195784238,59
s#108504,3,0.1048363195784238,59
s#131089,3,0.1048363195784238,59
s#244340,3,0.1048363195784238,59
s#144574,3,0.1048363195784238,59
s#795988,3,0.1048363195784238,59
s#156840,3,0.1048363195784238,59
s#211660,3,0.1048363195784238,59
s#162858,3,0.1048363195784238,59
s#390597,3,0.1048363195784238,59
s#937255,3,0.1048363195784238,59
s#1023016,3,0.1048363195784238,59
s#936625,2,0.06989087971894921,59
s#912923,2,0.06989087971894921,59
s#878536,2,0.06989087971894921,59
s#704249,3,0.1048363195784238,59
s#117786,6,0.2096726391568476,59
s#717955,3,0.1048363195784238,59
s#792534,3,0.1048363195784238,59
s#465580,6,0.2096726391568476,59
s#938123,6,0.2096726391568476,59
s#950072,6,0.2096726391568476,59
s#866983,5,0.174727199297373,59
s#403912,5,0.174727199297373,59
s#587121,5,0.174727199297373,59
s#244214,5,0.174727199297373,59
s#587120,5,0.174727199297373,59
s#117694,5,0.174727199297373,59
s#124093,5,0.174727199297373,59
s#454048,5,0.174727199297373,59
s#194788,5,0.174727199297373,59
s#504276,4,0.13978175943789842,59
s#790924,4,0.13978175943789842,59
s#787998,4,0.13978175943789842,59
s#954795,4,0.13978175943789842,59
s#139940,4,0.13978175943789842,59
s#119013,4,0.13978175943789842,59
s#121907,4,0.13978175943789842,59
s#942846,4,0.13978175943789842,59
s#822390,3,0.1048363195784238,59
s#791750,3,0.1048363195784238,59
s#825437,4,0.13978175943789842,59
s#295389,5,0.174727199297373,59
s#575799,5,0.174727199297373,63
s#85508,4,0.13978175943789842,63
s#531790,4,0.13978175943789842,63
s#531924,4,0.13978175943789842,63
s#548790,4,0.13978175943789842,63
s#561857,4,0.13978175943789842,63
s#200164,4,0.13978175943789842,63
s#575805,4,0.13978175943789842,63
s#587152,4,0.13978175943789842,63
s#596756,4,0.13978175943789842,63
s#641100,4,0.13978175943789842,63
s#319245,4,0.13978175943789842,63
s#744610,4,0.13978175943789842,63
s#335448,4,0.13978175943789842,63
s#961522,5,0.174727199297373,63
s#868245,5,0.174727199297373,63
s#149031,5,0.174727199297373,63
s#145047,4,0.13978175943789842,63
s#551148,5,0.174727199297373,63
s#880611,5,0.174727199297373,63
s#372828,5,0.174727199297373,63
s#267520,4,0.13978175943789842,63
s#137160,4,0.13978175943789842,63
s#394994,4,0.13978175943789842,63
s#876488,4,0.13978175943789842,63
s#82838,4,0.13978175943789842,63
s#26093,4,0.13978175943789842,63
s#14549,4,0.13978175943789842,63
s#301683,4,0.13978175943789842,63
s#441504,4,0.13978175943789842,63
s#662591,4,0.13978175943789842,63
s#375007,4,0.13978175943789842,63
s#138116,4,0.13978175943789842,63
s#149183,4,0.13978175943789842,63
s#453292,4,0.13978175943789842,63
s#924591,4,0.13978175943789842,63
s#178685,4,0.13978175943789842,63
s#407848,4,0.13978175943789842,63
s#457252,4,0.13978175943789842,63
s#244200,4,0.13978175943789842,63
s#618985,4,0.13978175943789842,63
s#270817,4,0.13978175943789842,63
s#879493,4,0.13978175943789842,63
s#331795,4,0.13978175943789842,63
s#282201,4,0.13978175943789842,63
s#529403,4,0.13978175943789842,63
s#553026,4,0.13978175943789842,63
s#565702,4,0.13978175943789842,63
s#267377,4,0.13978175943789842,63
s#319086,4,0.13978175943789842,63
s#789798,2,0.06989087971894921,67
s#1029680,2,0.06989087971894921,67
s#862392,2,0.06989087971894921,67
s#376870,2,0.06989087971894921,67
s#207117,2,0.06989087971894921,67
s#3429,2,0.06989087971894921,67
s#600955,2,0.06989087971894921,67
s#231306,2,0.06989087971894921,67
s#294314,2,0.06989087971894921,67
s#246370,2,0.06989087971894921,67
s#832635,2,0.06989087971894921,67
s#7550,2,0.06989087971894921,67
s#282127,2,0.06989087971894921,67
s#377239,2,0.06989087971894921,67
s#670929,2,0.06989087971894921,67
s#758402,2,0.06989087971894921,67
s#831309,2,0.06989087971894921,67
s#766025,2,0.06989087971894921,67
s#185412,2,0.06989087971894921,67
s#857652,2,0.06989087971894921,67
s#862200,2,0.06989087971894921,67
s#249248,2,0.06989087971894921,67
s#650493,2,0.06989087971894921,67
s#509974,2,0.06989087971894921,67
s#250144,2,0.06989087971894921,67
s#1002476,2,0.06989087971894921,67
s#670039,2,0.06989087971894921,67
s#674213,2,0.06989087971894921,67
s#401272,2,0.06989087971894921,67
s#868658,2,0.06989087971894921,67
s#636811,2,0.06989087971894921,67
s#399018,2,0.06989087971894921,67
s#1029230,2,0.06989087971894921,67
s#491941,2,0.06989087971894921,67
s#199649,2,0.06989087971894921,67
s#199506,2,0.06989087971894921,67
s#412340,2,0.06989087971894921,67
s#405157,2,0.06989087971894921,67
s#282128,2,0.06989087971894921,67
s#468379,2,0.06989087971894921,67
s#161236,2,0.06989087971894921,67
s#993872,2,0.06989087971894921,67
s#747214,2,0.06989087971894921,67
s#207478,2,0.06989087971894921,67
s#590470,2,0.06989087971894921,67
s#312687,2,0.06989087971894921,67
s#355928,2,0.06989087971894921,67
s#469966,2,0.06989087971894921,67
s#1032144,3,0.1048363195784238,67
s#1021675,3,0.1048363195784238,67
s#362819,8,0.27956351887579683,71
s#460433,9,0.3145089587352714,71
s#481642,9,0.3145089587352714,71
s#417159,9,0.3145089587352714,71
s#618629,9,0.3145089587352714,71
s#251913,12,0.4193452783136952,71
s#647987,9,0.3145089587352714,71
s#911196,10,0.349454398594746,71
s#845316,10,0.349454398594746,71
s#26388,10,0.349454398594746,71
s#577808,9,0.3145089587352714,71
s#225893,10,0.349454398594746,71
s#264407,15,0.5241815978921189,71
s#308377,15,0.5241815978921189,71
s#453341,14,0.4892361580326444,71
s#217208,13,0.45429071817316985,71
s#819192,13,0.45429071817316985,71
s#380009,12,0.4193452783136952,71
s#345041,12,0.4193452783136952,71
s#424161,12,0.4193452783136952,71
s#484825,12,0.4193452783136952,71
s#292162,12,0.4193452783136952,71
s#726689,11,0.3843998384542206,71
s#378645,9,0.3145089587352714,71
s#357373,9,0.3145089587352714,71
s#91588,9,0.3145089587352714,71
s#447267,8,0.27956351887579683,71
s#385200,8,0.27956351887579683,71
s#392947,8,0.27956351887579683,71
s#590217,8,0.27956351887579683,71
s#727926,8,0.27956351887579683,71
s#501760,8,0.27956351887579683,71
s#461669,8,0.27956351887579683,71
s#551005,8,0.27956351887579683,71
s#601731,8,0.27956351887579683,71
s#536303,8,0.27956351887579683,71
s#95530,8,0.27956351887579683,71
s#997557,9,0.3145089587352714,71
s#898793,9,0.3145089587352714,71
s#822246,9,0.3145089587352714,71
s#224023,9,0.3145089587352714,71
s#187447,9,0.3145089587352714,71
s#30814,9,0.3145089587352714,71
s#1899,9,0.3145089587352714,71
s#601687,9,0.3145089587352714,71
s#14555,9,0.3145089587352714,71
s#246414,9,0.3145089587352714,71
s#402092,8,0.27956351887579683,71
s#328350,9,0.3145089587352714,71
s#1010279,12,0.4193452783136952,71
s#842649,7,0.2446180790163222,74
s#760009,8,0.27956351887579683,74
s#455876,8,0.27956351887579683,74
s#320331,8,0.27956351887579683,74
s#409093,8,0.27956351887579683,74
s#324163,9,0.3145089587352714,74
s#49922,10,0.349454398594746,74
s#657729,10,0.349454398594746,74
s#26755,11,0.3843998384542206,74
s#62067,12,0.4193452783136952,74
s#58286,12,0.4193452783136952,74
s#63212,12,0.4193452783136952,74
s#56488,12,0.4193452783136952,74
s#101108,13,0.45429071817316985,74
s#561824,13,0.45429071817316985,74
s#521184,14,0.4892361580326444,74
s#801693,17,0.5940724776110683,74
s#410805,20,0.698908797189492,74
s#738083,5,0.174727199297373,74
s#865730,5,0.174727199297373,74
s#769551,8,0.27956351887579683,74
s#836266,8,0.27956351887579683,74
s#880972,8,0.27956351887579683,74
s#374567,7,0.2446180790163222,74
s#1042345,5,0.174727199297373,74
s#1000644,6,0.2096726391568476,74
s#988188,6,0.2096726391568476,74
s#810360,6,0.2096726391568476,74
s#648243,6,0.2096726391568476,74
s#412815,6,0.2096726391568476,74
s#969260,6,0.2096726391568476,74
s#650974,6,0.2096726391568476,74
s#1010253,6,0.2096726391568476,74
s#102798,4,0.13978175943789842,74
s#18621,6,0.2096726391568476,74
s#225764,6,0.2096726391568476,74
s#400531,6,0.2096726391568476,74
s#749235,7,0.2446180790163222,74
s#716123,5,0.174727199297373,74
s#595929,7,0.2446180790163222,74
s#77005,7,0.2446180790163222,74
s#49217,7,0.2446180790163222,74
s#558988,7,0.2446180790163222,74
s#267798,7,0.2446180790163222,74
s#72555,6,0.2096726391568476,74
s#23839,5,0.174727199297373,74
s#339479,4,0.13978175943789842,74
s#217038,4,0.13978175943789842,74
s#232819,4,0.13978175943789842,74
s#427371,5,0.174727199297373,74
s#618,20,0.698908797189492,82
s#137876,24,0.8386905566273904,82
s#219030,24,0.8386905566273904,82
s#613076,24,0.8386905566273904,82
s#653152,24,0.8386905566273904,82
s#1026132,24,0.8386905566273904,82
s#1007548,25,0.8736359964868651,82
s#425593,27,0.9435268762058142,82
s#150803,27,0.9435268762058142,82
s#667625,24,0.8386905566273904,82
s#141911,27,0.9435268762058142,82
s#1017423,28,0.9784723160652888,82
s#415295,28,0.9784723160652888,82
s#151698,28,0.9784723160652888,82
s#545369,28,0.9784723160652888,82
s#1032715,28,0.9784723160652888,82
s#618941,28,0.9784723160652888,82
s#133828,30,1.0483631957842379,82
s#136608,30,1.0483631957842379,82
s#619119,27,0.9435268762058142,82
s#190462,20,0.698908797189492,82
s#130712,24,0.8386905566273904,82
s#401628,20,0.698908797189492,82
s#1054750,20,0.698908797189492,82
s#9028,20,0.698908797189492,82
s#307253,20,0.698908797189492,82
s#705829,20,0.698908797189492,82
s#26088,20,0.698908797189492,82
s#692781,20,0.698908797189492,82
s#624815,20,0.698908797189492,82
s#657999,20,0.698908797189492,82
s#514373,24,0.8386905566273904,82
s#482231,20,0.698908797189492,82
s#142282,21,0.7338542370489667,82
s#294081,21,0.7338542370489667,82
s#151988,21,0.7338542370489667,82
s#427525,22,0.7687996769084412,82
s#675319,22,0.7687996769084412,82
s#1048604,24,0.8386905566273904,82
s#427519,24,0.8386905566273904,82
s#1059482,24,0.8386905566273904,82
s#359770,20,0.698908797189492,82
s#412599,24,0.8386905566273904,82
s#696525,20,0.698908797189492,82
s#151052,32,1.1182540755031873,82
s#151568,45,1.572544793676357,82
s#530118,40,1.397817594378984,82
s#766632,36,1.2580358349410856,82
s#354127,33,1.153199515362662,82
s#144191,30,1.0483631957842379,82
s#967627,12,0.4193452783136952,86
s#908864,12,0.4193452783136952,86
s#264416,12,0.4193452783136952,86
s#479679,12,0.4193452783136952,86
s#186151,13,0.45429071817316985,86
s#261293,13,0.45429071817316985,86
s#536125,11,0.3843998384542206,86
s#875992,13,0.45429071817316985,86
s#493209,13,0.45429071817316985,86
s#442346,12,0.4193452783136952,86
s#664207,11,0.3843998384542206,86
s#535143,11,0.3843998384542206,86
s#522328,11,0.3843998384542206,86
s#441863,13,0.45429071817316985,86
s#102170,11,0.3843998384542206,86
s#536168,11,0.3843998384542206,86
s#373082,11,0.3843998384542206,86
s#712142,10,0.349454398594746,86
s#711891,10,0.349454398594746,86
s#667261,10,0.349454398594746,86
s#623013,10,0.349454398594746,86
s#214108,10,0.349454398594746,86
s#669164,10,0.349454398594746,86
s#525851,10,0.349454398594746,86
s#544434,11,0.3843998384542206,86
s#441833,14,0.4892361580326444,86
s#1027163,29,1.0134177559247635,86
s#209149,14,0.4892361580326444,86
s#304203,26,0.9085814363463397,86
s#733774,24,0.8386905566273904,86
s#536065,22,0.7687996769084412,86
s#251746,22,0.7687996769084412,86
s#606862,21,0.7338542370489667,86
s#908810,38,1.3279267146600349,86
s#835583,10,0.349454398594746,86
s#715541,14,0.4892361580326444,86
s#105176,10,0.349454398594746,86
s#988254,21,0.7338542370489667,86
s#724993,10,0.349454398594746,86
s#442495,18,0.6290179174705428,86
s#660635,17,0.5940724776110683,86
s#694652,15,0.5241815978921189,86
s#247610,15,0.5241815978921189,86
s#645831,15,0.5241815978921189,86
s#49306,10,0.349454398594746,86
s#988255,15,0.5241815978921189,86
s#691869,14,0.4892361580326444,86
s#539214,14,0.4892361580326444,86
s#864900,19,0.6639633573300174,86
s#210007,14,0.4892361580326444,86
s#702856,4,0.13978175943789842,90
s#710528,4,0.13978175943789842,90
s#375850,4,0.13978175943789842,90
s#877982,4,0.13978175943789842,90
s#116784,4,0.13978175943789842,90
s#295185,7,0.2446180790163222,90
s#823188,12,0.4193452783136952,90
s#688809,10,0.349454398594746,90
s#628072,10,0.349454398594746,90
s#780893,10,0.349454398594746,90
s#702421,9,0.3145089587352714,90
s#666922,8,0.27956351887579683,90
s#623992,8,0.27956351887579683,90
s#844854,8,0.27956351887579683,90
s#705426,8,0.27956351887579683,90
s#239146,8,0.27956351887579683,90
s#799758,8,0.27956351887579683,90
s#792315,5,0.174727199297373,90
s#491610,12,0.4193452783136952,90
s#77075,6,0.2096726391568476,90
s#394872,6,0.2096726391568476,90
s#689272,6,0.2096726391568476,90
s#662595,6,0.2096726391568476,90
s#649325,6,0.2096726391568476,90
s#77943,6,0.2096726391568476,90
s#698873,6,0.2096726391568476,90
s#385717,6,0.2096726391568476,90
s#769074,6,0.2096726391568476,90
s#772965,6,0.2096726391568476,90
s#777723,6,0.2096726391568476,90
s#790218,6,0.2096726391568476,90
s#870946,6,0.2096726391568476,90
s#708188,6,0.2096726391568476,90
s#897953,6,0.2096726391568476,90
s#302442,12,0.4193452783136952,90
s#704526,14,0.4892361580326444,90
s#704299,12,0.4193452783136952,90
s#140020,4,0.13978175943789842,90
s#691023,4,0.13978175943789842,90
s#1046434,4,0.13978175943789842,90
s#1008055,4,0.13978175943789842,90
s#671024,4,0.13978175943789842,90
s#933938,5,0.174727199297373,90
s#945887,5,0.174727199297373,90
s#1049129,5,0.174727199297373,90
s#438381,24,0.8386905566273904,90
s#1024005,24,0.8386905566273904,90
s#240926,20,0.698908797189492,90
s#591629,15,0.5241815978921189,90
s#703988,4,0.13978175943789842,90
s#26491,24,0.8386905566273904,94
s#425922,24,0.8386905566273904,94
s#185188,24,0.8386905566273904,94
s#26473,24,0.8386905566273904,94
s#420227,24,0.8386905566273904,94
s#26470,24,0.8386905566273904,94
s#26483,24,0.8386905566273904,94
s#26479,24,0.8386905566273904,94
s#26476,24,0.8386905566273904,94
s#534067,24,0.8386905566273904,94
s#1025076,25,0.8736359964868651,94
s#377832,25,0.8736359964868651,94
s#62357,24,0.8386905566273904,94
s#226947,25,0.8736359964868651,94
s#142391,35,1.223090395081611,94
s#136409,24,0.8386905566273904,94
s#333050,35,1.223090395081611,94
s#197202,36,1.2580358349410856,94
s#27979,35,1.223090395081611,94
s#525450,34,1.1881449552221366,94
s#213206,32,1.1182540755031873,94
s#136576,32,1.1182540755031873,94
s#389242,30,1.0483631957842379,94
s#312618,30,1.0483631957842379,94
s#32759,40,1.397817594378984,94
s#478352,30,1.0483631957842379,94
s#726526,25,0.8736359964868651,94
s#389063,30,1.0483631957842379,94
s#417125,28,0.9784723160652888,94
s#357419,28,0.9784723160652888,94
s#1946,28,0.9784723160652888,94
s#315877,28,0.9784723160652888,94
s#295422,27,0.9435268762058142,94
s#136269,27,0.9435268762058142,94
s#580138,40,1.397817594378984,94
s#29619,48,1.677381113254781,94
s#197980,54,1.8870537524116284,94
s#333049,70,2.446180790163222,94
s#1005081,30,1.0483631957842379,94
s#861345,24,0.8386905566273904,94
s#556280,30,1.0483631957842379,94
s#617980,21,0.7338542370489667,94
s#307449,21,0.7338542370489667,94
s#146063,21,0.7338542370489667,94
s#845145,21,0.7338542370489667,94
s#524281,21,0.7338542370489667,94
s#1011946,21,0.7338542370489667,94
s#638912,20,0.698908797189492,94
s#595907,20,0.698908797189492,94
s#1027127,24,0.8386905566273904,94
s#881160,5,0.174727199297373,98
s#760324,5,0.174727199297373,98
s#593921,4,0.13978175943789842,98
s#211482,4,0.13978175943789842,98
s#361660,4,0.13978175943789842,98
s#147968,4,0.13978175943789842,98
s#858986,6,0.2096726391568476,98
s#613672,4,0.13978175943789842,98
s#130823,6,0.2096726391568476,98
s#832644,9,0.3145089587352714,98
s#820268,7,0.2446180790163222,98
s#831511,8,0.27956351887579683,98
s#229417,4,0.13978175943789842,98
s#828740,9,0.3145089587352714,98
s#266790,9,0.3145089587352714,98
s#156748,9,0.3145089587352714,98
s#729983,10,0.349454398594746,98
s#441160,10,0.349454398594746,98
s#949864,12,0.4193452783136952,98
s#674010,6,0.2096726391568476,98
s#720939,4,0.13978175943789842,98
s#593268,3,0.1048363195784238,98
s#904012,4,0.13978175943789842,98
s#311087,3,0.1048363195784238,98
s#109063,3,0.1048363195784238,98
s#600805,3,0.1048363195784238,98
s#83144,3,0.1048363195784238,98
s#975322,3,0.1048363195784238,98
s#674001,2,0.06989087971894921,98
s#576480,2,0.06989087971894921,98
s#295721,2,0.06989087971894921,98
s#619120,2,0.06989087971894921,98
s#231201,2,0.06989087971894921,98
s#1015968,2,0.06989087971894921,98
s#287220,1,0.034945439859474604,98
s#209999,1,0.034945439859474604,98
s#132369,1,0.034945439859474604,98
s#21785,1,0.034945439859474604,98
s#158050,1,0.034945439859474604,98
s#798301,3,0.1048363195784238,98
s#937915,12,0.4193452783136952,98
s#623602,3,0.1048363195784238,98
s#663932,4,0.13978175943789842,98
s#794316,12,0.4193452783136952,98
s#631008,12,0.4193452783136952,98
s#463308,12,0.4193452783136952,98
s#994382,3,0.1048363195784238,98
s#539018,3,0.1048363195784238,98
s#899515,15,0.5241815978921189,98
s#646984,12,0.4193452783136952,98
s#800423,8,0.27956351887579683,102
s#909102,18,0.6290179174705428,102
s#412189,20,0.698908797189492,102
s#525650,20,0.698908797189492,102
s#197183,25,0.8736359964868651,102
s#577682,12,0.4193452783136952,102
s#116185,12,0.4193452783136952,102
s#87029,12,0.4193452783136952,102
s#719690,12,0.4193452783136952,102
s#133416,12,0.4193452783136952,102
s#620279,8,0.27956351887579683,102
s#32441,12,0.4193452783136952,102
s#692938,12,0.4193452783136952,102
s#705993,12,0.4193452783136952,102
s#142391,14,0.4892361580326444,102
s#678146,14,0.4892361580326444,102
s#115086,15,0.5241815978921189,102
s#533311,16,0.5591270377515937,102
s#142417,16,0.5591270377515937,102
s#661247,16,0.5591270377515937,102
s#432712,18,0.6290179174705428,102
s#649048,12,0.4193452783136952,102
s#138860,12,0.4193452783136952,102
s#92530,12,0.4193452783136952,102
s#25793,12,0.4193452783136952,102
s#837683,8,0.27956351887579683,102
s#944890,8,0.27956351887579683,102
s#762181,8,0.27956351887579683,102
s#586894,9,0.3145089587352714,102
s#498646,9,0.3145089587352714,102
s#260913,9,0.3145089587352714,102
s#330430,9,0.3145089587352714,102
s#171528,9,0.3145089587352714,102
s#225803,9,0.3145089587352714,102
s#334275,9,0.3145089587352714,102
s#531514,9,0.3145089587352714,102
s#506812,9,0.3145089587352714,102
s#532710,9,0.3145089587352714,102
s#770931,10,0.349454398594746,102
s#180576,10,0.349454398594746,102
s#764792,10,0.349454398594746,102
s#816644,12,0.4193452783136952,102
s#187547,12,0.4193452783136952,102
s#809765,12,0.4193452783136952,102
s#154158,12,0.4193452783136952,102
s#142886,12,0.4193452783136952,102
s#952239,8,0.27956351887579683,102
s#808823,12,0.4193452783136952,102
s#499795,18,0.6290179174705428,102
s#534810,18,0.6290179174705428,102
s#499602,4,0.13978175943789842,106
s#78199,3,0.1048363195784238,106
s#133241,3,0.1048363195784238,106
s#846745,3,0.1048363195784238,106
s#951369,3,0.1048363195784238,106
s#85244,3,0.1048363195784238,106
s#83249,3,0.1048363195784238,106
s#125156,4,0.13978175943789842,106
s#576480,2,0.06989087971894921,106
s#573390,2,0.06989087971894921,106
s#350150,2,0.06989087971894921,106
s#815729,3,0.1048363195784238,106
s#382797,3,0.1048363195784238,106
s#267077,3,0.1048363195784238,106
s#709742,3,0.1048363195784238,106
s#605315,3,0.1048363195784238,106
s#634925,3,0.1048363195784238,106
s#683215,3,0.1048363195784238,106
s#697521,3,0.1048363195784238,106
s#777896,3,0.1048363195784238,106
s#972277,3,0.1048363195784238,106
s#552206,2,0.06989087971894921,106
s#592393,3,0.1048363195784238,106
s#80972,3,0.1048363195784238,106
s#718046,2,0.06989087971894921,106
s#859075,3,0.1048363195784238,106
s#965948,4,0.13978175943789842,106
s#552662,3,0.1048363195784238,106
s#499692,3,0.1048363195784238,106
s#799095,3,0.1048363195784238,106
s#242555,3,0.1048363195784238,106
s#939420,3,0.1048363195784238,106
s#1061425,3,0.1048363195784238,106
s#982439,4,0.13978175943789842,106
s#617782,4,0.13978175943789842,106
s#837678,4,0.13978175943789842,106
s#86381,3,0.1048363195784238,106
s#719566,4,0.13978175943789842,106
s#647566,4,0.13978175943789842,106
s#965953,4,0.13978175943789842,106
s#132555,4,0.13978175943789842,106
s#618652,4,0.13978175943789842,106
s#109073,6,0.2096726391568476,106
s#498522,4,0.13978175943789842,106
s#133028,4,0.13978175943789842,106
s#617623,4,0.13978175943789842,106
s#175946,4,0.13978175943789842,106
s#176125,4,0.13978175943789842,106
s#570907,5,0.174727199297373,106
s#547665,5,0.174727199297373,106
s#909285,6,0.2096726391568476,110
s#154374,6,0.2096726391568476,110
s#880116,5,0.174727199297373,110
s#866591,5,0.174727199297373,110
s#109501,5,0.174727199297373,110
s#815958,5,0.174727199297373,110
s#116682,6,0.2096726391568476,110
s#813924,5,0.174727199297373,110
s#327439,9,0.3145089587352714,110
s#232702,6,0.2096726391568476,110
s#623511,6,0.2096726391568476,110
s#646690,6,0.2096726391568476,110
s#206440,6,0.2096726391568476,110
s#1067939,6,0.2096726391568476,110
s#381669,5,0.174727199297373,110
s#209846,7,0.2446180790163222,110
s#224536,7,0.2446180790163222,110
s#199393,7,0.2446180790163222,110
s#724503,7,0.2446180790163222,110
s#762181,7,0.2446180790163222,110
s#1062930,8,0.27956351887579683,110
s#223936,8,0.27956351887579683,110
s#208659,8,0.27956351887579683,110
s#27222,6,0.2096726391568476,110
s#262648,7,0.2446180790163222,110
s#601115,5,0.174727199297373,110
s#580278,5,0.174727199297373,110
s#812542,9,0.3145089587352714,110
s#347003,9,0.3145089587352714,110
s#267176,5,0.174727199297373,110
s#215630,5,0.174727199297373,110
s#492318,5,0.174727199297373,110
s#474648,5,0.174727199297373,110
s#296211,5,0.174727199297373,110
s#438601,5,0.174727199297373,110
s#190758,5,0.174727199297373,110
s#722437,5,0.174727199297373,110
s#307202,5,0.174727199297373,110
s#45693,5,0.174727199297373,110
s#221338,5,0.174727199297373,110
s#78275,5,0.174727199297373,110
s#544664,5,0.174727199297373,110
s#555539,5,0.174727199297373,110
s#521457,5,0.174727199297373,110
s#523300,5,0.174727199297373,110
s#359398,5,0.174727199297373,110
s#572331,5,0.174727199297373,110
s#22853,5,0.174727199297373,110
s#50253,5,0.174727199297373,110
s#210196,5,0.174727199297373,110
s#404778,8,0.27956351887579683,114
s#853851,5,0.174727199297373,114
s#141705,7,0.2446180790163222,114
s#582549,6,0.2096726391568476,114
s#533245,6,0.2096726391568476,114
s#638673,5,0.174727199297373,114
s#269518,5,0.174727199297373,114
s#441588,5,0.174727199297373,114
s#143485,5,0.174727199297373,114
s#339383,5,0.174727199297373,114
s#944567,5,0.174727199297373,114
s#214091,5,0.174727199297373,114
s#370339,5,0.174727199297373,114
s#956516,5,0.174727199297373,114
s#1061899,5,0.174727199297373,114
s#902127,4,0.13978175943789842,114
s#858296,4,0.13978175943789842,114
s#206404,4,0.13978175943789842,114
s#744946,4,0.13978175943789842,114
s#23697,4,0.13978175943789842,114
s#629296,4,0.13978175943789842,114
s#582651,4,0.13978175943789842,114
s#143328,5,0.174727199297373,114
s#206450,4,0.13978175943789842,114
s#129325,4,0.13978175943789842,114
s#844472,4,0.13978175943789842,114
s#949768,4,0.13978175943789842,114
s#50553,4,0.13978175943789842,114
s#1017345,4,0.13978175943789842,114
s#186080,4,0.13978175943789842,114
s#981322,4,0.13978175943789842,114
s#305858,4,0.13978175943789842,114
s#517236,4,0.13978175943789842,114
s#29323,4,0.13978175943789842,114
s#19298,4,0.13978175943789842,114
s#221935,4,0.13978175943789842,114
s#234424,4,0.13978175943789842,114
s#145484,4,0.13978175943789842,114
s#647774,4,0.13978175943789842,114
s#825819,4,0.13978175943789842,114
s#441586,4,0.13978175943789842,114
s#469264,4,0.13978175943789842,114
s#473109,4,0.13978175943789842,114
s#488324,4,0.13978175943789842,114
s#504414,4,0.13978175943789842,114
s#144238,4,0.13978175943789842,114
s#854984,4,0.13978175943789842,114
s#565755,4,0.13978175943789842,114
s#70027,4,0.13978175943789842,114
s#199970,4,0.13978175943789842,114
s#407006,1,0.034945439859474604,118
s#934614,2,0.06989087971894921,118
s#596029,3,0.1048363195784238,118
s#411542,1,0.034945439859474604,118
s#533884,3,0.1048363195784238,118
s#224603,1,0.034945439859474604,118
s#869665,1,0.034945439859474604,118
s#946563,2,0.06989087971894921,118
s#786899,2,0.06989087971894921,118
s#802001,2,0.06989087971894921,118
s#414023,2,0.06989087971894921,118
s#143247,2,0.06989087971894921,118
s#972267,2,0.06989087971894921,118
s#110048,2,0.06989087971894921,118
s#718222,2,0.06989087971894921,118
s#455319,2,0.06989087971894921,118
s#726023,2,0.06989087971894921,118
s#998835,2,0.06989087971894921,118
s#923566,1,0.034945439859474604,118
s#904010,1,0.034945439859474604,118
s#872802,1,0.034945439859474604,118
s#859343,1,0.034945439859474604,118
s#878959,1,0.034945439859474604,118
s#112623,1,0.034945439859474604,118
s#751999,1,0.034945439859474604,118
s#144957,1,0.034945439859474604,118
s#865463,1,0.034945439859474604,118
s#832077,1,0.034945439859474604,118
s#11415,1,0.034945439859474604,118
s#211694,1,0.034945439859474604,118
s#67858,1,0.034945439859474604,118
s#262730,1,0.034945439859474604,118
s#318244,1,0.034945439859474604,118
s#167521,1,0.034945439859474604,118
s#174428,1,0.034945439859474604,118
s#845962,1,0.034945439859474604,118
s#985998,5,0.174727199297373,118
s#985950,5,0.174727199297373,118
s#473425,3,0.1048363195784238,122
s#440965,4,0.13978175943789842,122
s#959029,5,0.174727199297373,122
s#195946,5,0.174727199297373,122
s#658117,5,0.174727199297373,122
s#438601,5,0.174727199297373,122
s#60766,5,0.174727199297373,122
s#250560,5,0.174727199297373,122
s#340322,5,0.174727199297373,122
s#463005,5,0.174727199297373,122
s#592370,5,0.174727199297373,122
s#734486,6,0.2096726391568476,122
s#367720,6,0.2096726391568476,122
s#587946,6,0.2096726391568476,122
s#766397,6,0.2096726391568476,122
s#239885,6,0.2096726391568476,122
s#734634,7,0.2446180790163222,122
s#946982,8,0.27956351887579683,122
s#416444,3,0.1048363195784238,122
s#773316,9,0.3145089587352714,122
s#536557,8,0.27956351887579683,122
s#935033,8,0.27956351887579683,122
s#815802,4,0.13978175943789842,122
s#57088,4,0.13978175943789842,122
s#589820,5,0.174727199297373,122
s#174438,4,0.13978175943789842,122
s#135749,3,0.1048363195784238,122
s#525282,3,0.1048363195784238,122
s#926908,4,0.13978175943789842,122
s#835428,4,0.13978175943789842,122
s#480791,4,0.13978175943789842,122
s#779475,4,0.13978175943789842,122
s#750444,4,0.13978175943789842,122
s#659334,4,0.13978175943789842,122
s#651867,4,0.13978175943789842,122
s#612964,4,0.13978175943789842,122
s#256821,4,0.13978175943789842,122
s#360270,4,0.13978175943789842,122
s#650658,4,0.13978175943789842,122
s#289260,4,0.13978175943789842,122
s#308821,4,0.13978175943789842,122
s#778345,4,0.13978175943789842,122
s#322215,4,0.13978175943789842,122
s#54234,4,0.13978175943789842,122
s#468242,4,0.13978175943789842,122
s#243493,4,0.13978175943789842,122
s#247521,4,0.13978175943789842,122
s#869236,4,0.13978175943789842,122
s#289276,4,0.13978175943789842,122
s#348961,4,0.13978175943789842,122
s#358719,4,0.13978175943789842,126
s#288289,4,0.13978175943789842,126
s#211923,4,0.13978175943789842,126
s#152544,4,0.13978175943789842,126
s#12666,6,0.2096726391568476,126
s#588466,4,0.13978175943789842,126
s#157133,5,0.174727199297373,126
s#1047012,4,0.13978175943789842,126
s#159199,1,0.034945439859474604,126
s#254913,3,0.1048363195784238,126
s#136590,3,0.1048363195784238,126
s#312575,3,0.1048363195784238,126
s#565543,3,0.1048363195784238,126
s#599116,3,0.1048363195784238,126
s#308401,2,0.06989087971894921,126
s#423379,2,0.06989087971894921,126
s#790621,7,0.2446180790163222,126
s#75577,3,0.1048363195784238,126
s#980018,8,0.27956351887579683,126
s#212907,1,0.034945439859474604,126
s#128433,8,0.27956351887579683,126
s#1066920,8,0.27956351887579683,126
s#241679,1,0.034945439859474604,126
s#212591,1,0.034945439859474604,126
s#436172,20,0.698908797189492,126
s#977923,17,0.5940724776110683,126
s#267801,18,0.6290179174705428,126
s#823203,12,0.4193452783136952,126
s#823267,11,0.3843998384542206,126
s#871780,11,0.3843998384542206,126
s#265097,10,0.349454398594746,126
s#366962,10,0.349454398594746,126
s#742105,15,0.5241815978921189,126
s#740053,1,0.034945439859474604,130
s#851549,2,0.06989087971894921,130
s#613877,1,0.034945439859474604,130
s#490869,1,0.034945439859474604,130
s#815245,1,0.034945439859474604,130
s#475714,1,0.034945439859474604,130
s#107878,1,0.034945439859474604,130
s#469658,1,0.034945439859474604,130
s#77340,1,0.034945439859474604,130
s#428488,1,0.034945439859474604,130
s#335839,1,0.034945439859474604,130
s#762395,2,0.06989087971894921,130
s#361608,1,0.034945439859474604,130
s#235472,1,0.034945439859474604,130
s#948505,1,0.034945439859474604,130
s#472606,1,0.034945439859474604,130
s#758814,2,0.06989087971894921,130
s#308406,1,0.034945439859474604,130
s#265920,1,0.034945439859474604,130
s#117518,1,0.034945439859474604,130
s#108126,1,0.034945439859474604,130
s#189125,1,0.034945439859474604,130
s#348171,1,0.034945439859474604,130
s#637613,1,0.034945439859474604,130
s#393345,1,0.034945439859474604,130
s#404806,1,0.034945439859474604,130
s#1065378,2,0.06989087971894921,130
s#941786,13,0.45429071817316985,130
s#365367,2,0.06989087971894921,130
s#508245,2,0.06989087971894921,130
s#802108,13,0.45429071817316985,130
s#953735,13,0.45429071817316985,130
s#877149,7,0.2446180790163222,130
s#33735,5,0.174727199297373,130
s#743899,5,0.174727199297373,130
s#815042,5,0.174727199297373,130
s#701683,4,0.13978175943789842,130
s#605029,3,0.1048363195784238,130
s#308401,3,0.1048363195784238,130
s#556701,2,0.06989087971894921,130
s#153835,3,0.1048363195784238,130
s#137100,3,0.1048363195784238,130
s#184801,3,0.1048363195784238,130
s#738028,3,0.1048363195784238,130
s#829439,3,0.1048363195784238,130
s#534715,2,0.06989087971894921,130
s#364763,2,0.06989087971894921,130
s#667425,2,0.06989087971894921,130
s#630977,2,0.06989087971894921,130
s#86816,3,0.1048363195784238,130
s#319447,14,0.4892361580326444,137
s#225590,14,0.4892361580326444,137
s#809863,13,0.45429071817316985,137
s#633620,12,0.4193452783136952,137
s#850189,13,0.45429071817316985,137
s#77010,14,0.4892361580326444,137
s#495144,12,0.4193452783136952,137
s#166066,13,0.45429071817316985,137
s#408209,14,0.4892361580326444,137
s#1066995,17,0.5940724776110683,137
s#144089,16,0.5591270377515937,137
s#1007298,16,0.5591270377515937,137
s#291493,12,0.4193452783136952,137
s#139083,17,0.5940724776110683,137
s#395995,17,0.5940724776110683,137
s#367034,17,0.5940724776110683,137
s#149045,18,0.6290179174705428,137
s#194318,18,0.6290179174705428,137
s#181184,19,0.6639633573300174,137
s#632076,36,1.2580358349410856,137
s#154141,51,1.7822174328332048,137
s#617763,15,0.5241815978921189,137
s#840202,12,0.4193452783136952,137
s#151156,11,0.3843998384542206,137
s#21548,11,0.3843998384542206,137
s#480023,9,0.3145089587352714,137
s#599244,9,0.3145089587352714,137
s#551230,9,0.3145089587352714,137
s#133570,10,0.349454398594746,137
s#1050831,10,0.349454398594746,137
s#470044,9,0.3145089587352714,137
s#504098,9,0.3145089587352714,137
s#457453,9,0.3145089587352714,137
s#26768,9,0.3145089587352714,137
s#309797,9,0.3145089587352714,137
s#735736,9,0.3145089587352714,137
s#48889,9,0.3145089587352714,137
s#600922,10,0.349454398594746,137
s#551352,10,0.349454398594746,137
s#551385,10,0.349454398594746,137
s#445014,10,0.349454398594746,137
s#649738,10,0.349454398594746,137
s#1021159,11,0.3843998384542206,137
s#1018240,11,0.3843998384542206,137
s#15992,11,0.3843998384542206,137
s#11467,11,0.3843998384542206,137
s#703775,11,0.3843998384542206,137
s#189861,10,0.349454398594746,137
s#571065,9,0.3145089587352714,137
s#151618,9,0.3145089587352714,137
s#197333,28,0.9784723160652888,141
s#197083,28,0.9784723160652888,141
s#197003,28,0.9784723160652888,141
s#197697,28,0.9784723160652888,141
s#196853,28,0.9784723160652888,141
s#198131,28,0.9784723160652888,141
s#196615,28,0.9784723160652888,141
s#154166,28,0.9784723160652888,141
s#196702,28,0.9784723160652888,141
s#197942,28,0.9784723160652888,141
s#197518,28,0.9784723160652888,141
s#517400,28,0.9784723160652888,141
s#535337,28,0.9784723160652888,141
s#874708,25,0.8736359964868651,141
s#1038374,25,0.8736359964868651,141
s#668817,25,0.8736359964868651,141
s#857642,25,0.8736359964868651,141
s#421759,25,0.8736359964868651,141
s#533468,25,0.8736359964868651,141
s#151072,25,0.8736359964868651,141
s#465225,25,0.8736359964868651,141
s#389530,25,0.8736359964868651,141
s#309338,25,0.8736359964868651,141
s#198075,28,0.9784723160652888,141
s#197152,28,0.9784723160652888,141
s#197248,28,0.9784723160652888,141
s#144268,28,0.9784723160652888,141
s#531863,218,7.618105889365463,141
s#798251,108,3.774107504823257,141
s#422260,44,1.5375993538168824,141
s#549716,40,1.397817594378984,141
s#534439,40,1.397817594378984,141
s#625070,36,1.2580358349410856,141
s#772229,35,1.223090395081611,141
s#777173,28,0.9784723160652888,141
s#319447,32,1.1182540755031873,141
s#535197,32,1.1182540755031873,141
s#408209,32,1.1182540755031873,141
s#625666,30,1.0483631957842379,141
s#534715,34,1.1881449552221366,141
s#531581,28,0.9784723160652888,141
s#332818,30,1.0483631957842379,141
s#295193,30,1.0483631957842379,141
s#327947,30,1.0483631957842379,141
s#423904,30,1.0483631957842379,141
s#1002566,30,1.0483631957842379,141
s#154119,29,1.0134177559247635,141
s#871320,28,0.9784723160652888,141
s#798263,28,0.9784723160652888,141
s#518021,30,1.0483631957842379,141
s#77135,43,1.502653913957408,149
s#290284,44,1.5375993538168824,149
s#186983,45,1.572544793676357,149
s#26847,45,1.572544793676357,149
s#604556,45,1.572544793676357,149
s#699799,49,1.7123265531142553,149
s#145072,47,1.6424356733953063,149
s#508275,48,1.677381113254781,149
s#436231,50,1.7472719929737301,149
s#474208,42,1.4677084740979334,149
s#802002,46,1.6074902335358316,149
s#716933,40,1.397817594378984,149
s#340168,63,2.2015627111468996,149
s#610678,40,1.397817594378984,149
s#580726,40,1.397817594378984,149
s#1036043,40,1.397817594378984,149
s#265019,40,1.397817594378984,149
s#29152,40,1.397817594378984,149
s#371011,40,1.397817594378984,149
s#258949,40,1.397817594378984,149
s#161795,40,1.397817594378984,149
s#917921,40,1.397817594378984,149
s#632521,39,1.3628721545195095,149
s#380162,50,1.7472719929737301,149
s#445751,38,1.3279267146600349,149
s#341785,40,1.397817594378984,149
s#466068,50,1.7472719929737301,149
s#205865,110,3.843998384542206,149
s#598002,50,1.7472719929737301,149
s#109501,222,7.7578876488033615,149
s#241302,108,3.774107504823257,149
s#145400,100,3.4945439859474603,149
s#653152,69,2.411235350303748,149
s#324807,69,2.411235350303748,149
s#248051,50,1.7472719929737301,149
s#1024493,64,2.2365081510063747,149
s#319718,60,2.0967263915684757,149
s#633346,60,2.0967263915684757,149
s#408480,60,2.0967263915684757,149
s#145025,64,2.2365081510063747,149
s#142149,60,2.0967263915684757,149
s#9360,60,2.0967263915684757,149
s#755234,51,1.7822174328332048,149
s#899818,52,1.8171628726926794,149
s#995715,54,1.8870537524116284,149
s#662411,50,1.7472719929737301,149
s#186000,55,1.921999192271103,149
s#205898,60,2.0967263915684757,149
s#437809,60,2.0967263915684757,149
s#638109,55,1.921999192271103,149
s#617400,6,0.2096726391568476,153
s#266703,6,0.2096726391568476,153
s#535479,6,0.2096726391568476,153
s#809620,6,0.2096726391568476,153
s#338802,6,0.2096726391568476,153
s#656513,6,0.2096726391568476,153
s#626671,6,0.2096726391568476,153
s#689018,6,0.2096726391568476,153
s#678146,6,0.2096726391568476,153
s#35305,6,0.2096726391568476,153
s#547952,6,0.2096726391568476,153
s#525650,25,0.8736359964868651,153
s#788621,6,0.2096726391568476,153
s#808943,6,0.2096726391568476,153
s#837683,6,0.2096726391568476,153
s#843323,6,0.2096726391568476,153
s#941219,6,0.2096726391568476,153
s#945015,6,0.2096726391568476,153
s#953168,6,0.2096726391568476,153
s#956964,6,0.2096726391568476,153
s#695000,6,0.2096726391568476,153
s#243268,5,0.174727199297373,153
s#633350,18,0.6290179174705428,153
s#389215,6,0.2096726391568476,153
s#702265,6,0.2096726391568476,153
s#859073,8,0.27956351887579683,153
s#759493,8,0.27956351887579683,153
s#506812,12,0.4193452783136952,153
s#116185,15,0.5241815978921189,153
s#171528,12,0.4193452783136952,153
s#171658,12,0.4193452783136952,153
s#836118,12,0.4193452783136952,153
s#187547,12,0.4193452783136952,153
s#649048,10,0.349454398594746,153
s#68528,10,0.349454398594746,153
s#341565,10,0.349454398594746,153
s#698414,10,0.349454398594746,153
s#334275,10,0.349454398594746,153
s#534308,12,0.4193452783136952,153
s#956839,9,0.3145089587352714,153
s#755510,9,0.3145089587352714,153
s#808823,9,0.3145089587352714,153
s#944890,9,0.3145089587352714,153
s#535534,8,0.27956351887579683,153
s#710260,8,0.27956351887579683,153
s#264480,8,0.27956351887579683,153
s#533685,8,0.27956351887579683,153
s#69440,8,0.27956351887579683,153
s#828703,8,0.27956351887579683,153
s#533311,10,0.349454398594746,153
s#19822,24,0.8386905566273904,161
s#636540,24,0.8386905566273904,161
s#660326,20,0.698908797189492,161
s#421420,18,0.6290179174705428,161
s#97422,20,0.698908797189492,161
s#574490,20,0.698908797189492,161
s#413379,18,0.6290179174705428,161
s#207917,28,0.9784723160652888,161
s#334696,20,0.698908797189492,161
s#536195,29,1.0134177559247635,161
s#536131,43,1.502653913957408,161
s#536197,30,1.0483631957842379,161
s#428007,30,1.0483631957842379,161
s#135008,40,1.397817594378984,161
s#284030,40,1.397817594378984,161
s#536125,43,1.502653913957408,161
s#536168,47,1.6424356733953063,161
s#76960,50,1.7472719929737301,161
s#428544,55,1.921999192271103,161
s#636535,60,2.0967263915684757,161
s#312393,18,0.6290179174705428,161
s#77699,30,1.0483631957842379,161
s#1054844,18,0.6290179174705428,161
s#654008,40,1.397817594378984,161
s#607054,16,0.5591270377515937,161
s#223519,17,0.5940724776110683,161
s#778426,12,0.4193452783136952,161
s#4172,12,0.4193452783136952,161
s#3257,12,0.4193452783136952,161
s#253463,12,0.4193452783136952,161
s#331464,12,0.4193452783136952,161
s#332710,12,0.4193452783136952,161
s#4040,12,0.4193452783136952,161
s#536275,12,0.4193452783136952,161
s#300593,12,0.4193452783136952,161
s#607741,12,0.4193452783136952,161
s#633659,12,0.4193452783136952,161
s#460524,14,0.4892361580326444,161
s#108403,16,0.5591270377515937,161
s#634611,13,0.45429071817316985,161
s#427700,15,0.5241815978921189,161
s#378412,15,0.5241815978921189,161
s#420473,15,0.5241815978921189,161
s#76909,15,0.5241815978921189,161
s#838051,12,0.4193452783136952,161
s#958794,15,0.5241815978921189,161
s#839578,15,0.5241815978921189,161
s#993709,15,0.5241815978921189,161
s#401655,14,0.4892361580326444,161
s#574494,15,0.5241815978921189,161
s#608533,66,2.306399030725324,165
s#116930,66,2.306399030725324,165
s#499039,70,2.446180790163222,165
s#785885,72,2.5160716698821712,165
s#941326,72,2.5160716698821712,165
s#338499,72,2.5160716698821712,165
s#953275,72,2.5160716698821712,165
s#656632,77,2.6907988691795444,165
s#1054847,80,2.795635188757968,165
s#578766,196,6.849306212457021,165
s#434984,80,2.795635188757968,165
s#141987,85,2.9703623880553414,165
s#137089,95,3.319816786650087,165
s#508802,96,3.354762226509562,165
s#150041,98,3.4246531062285106,165
s#305931,108,3.774107504823257,165
s#435905,110,3.843998384542206,165
s#166128,132,4.612798061450648,165
s#531514,132,4.612798061450648,165
s#1002108,150,5.24181597892119,165
s#1013005,156,5.451488618078038,165
s#744445,66,2.306399030725324,165
s#77887,83,2.900471508336392,165
s#76921,100,3.4945439859474603,165
s#1059473,60,2.0967263915684757,165
s#144194,66,2.306399030725324,165
s#446299,200,6.989087971894921,165
s#358278,50,1.7472719929737301,165
s#17304,52,1.8171628726926794,165
s#185251,54,1.8870537524116284,165
s#9471,54,1.8870537524116284,165
s#640919,54,1.8870537524116284,165
s#325388,55,1.921999192271103,165
s#1030954,55,1.921999192271103,165
s#832292,56,1.9569446321305777,165
s#547861,56,1.9569446321305777,165
s#586456,56,1.9569446321305777,165
s#993299,60,2.0967263915684757,165
s#952648,60,2.0967263915684757,165
s#940699,60,2.0967263915684757,165
s#892285,60,2.0967263915684757,165
s#27314,60,2.0967263915684757,165
s#376106,60,2.0967263915684757,165
s#762381,60,2.0967263915684757,165
s#591540,60,2.0967263915684757,165
s#282961,60,2.0967263915684757,165
s#907637,62,2.166617271287425,165
s#437200,63,2.2015627111468996,165
s#598002,63,2.2015627111468996,165
s#149057,66,2.306399030725324,165
s#951051,4,0.13978175943789842,168
s#793668,4,0.13978175943789842,168
s#944326,6,0.2096726391568476,168
s#932484,5,0.174727199297373,168
s#934411,5,0.174727199297373,168
s#956275,6,0.2096726391568476,168
s#458324,6,0.2096726391568476,168
s#878672,6,0.2096726391568476,168
s#223468,6,0.2096726391568476,168
s#793004,6,0.2096726391568476,168
s#801516,6,0.2096726391568476,168
s#826916,6,0.2096726391568476,168
s#807362,6,0.2096726391568476,168
s#177499,6,0.2096726391568476,168
s#937087,6,0.2096726391568476,168
s#788152,7,0.2446180790163222,168
s#706468,7,0.2446180790163222,168
s#634516,7,0.2446180790163222,168
s#809592,7,0.2446180790163222,168
s#175080,7,0.2446180790163222,168
s#847697,7,0.2446180790163222,168
s#927384,7,0.2446180790163222,168
s#814051,8,0.27956351887579683,168
s#868908,7,0.2446180790163222,168
s#870052,5,0.174727199297373,168
s#851716,5,0.174727199297373,168
s#949036,6,0.2096726391568476,168
s#946360,5,0.174727199297373,168
s#126842,4,0.13978175943789842,168
s#937287,4,0.13978175943789842,168
s#129637,4,0.13978175943789842,168
s#949316,4,0.13978175943789842,168
s#867799,4,0.13978175943789842,168
s#787228,4,0.13978175943789842,168
s#939390,4,0.13978175943789842,168
s#693514,5,0.174727199297373,168
s#794945,4,0.13978175943789842,168
s#807448,4,0.13978175943789842,168
s#810977,4,0.13978175943789842,168
s#706785,4,0.13978175943789842,168
s#867749,4,0.13978175943789842,168
s#869114,4,0.13978175943789842,168
s#826931,4,0.13978175943789842,168
s#937367,4,0.13978175943789842,168
s#939102,4,0.13978175943789842,168
s#787974,5,0.174727199297373,168
s#82122,5,0.174727199297373,168
s#764756,5,0.174727199297373,168
s#830996,5,0.174727199297373,168
s#956421,4,0.13978175943789842,168
s#414713,8,0.27956351887579683,172
s#821426,12,0.4193452783136952,172
s#701397,10,0.349454398594746,172
s#814160,10,0.349454398594746,172
s#306903,9,0.3145089587352714,172
s#487815,9,0.3145089587352714,172
s#414619,9,0.3145089587352714,172
s#568244,8,0.27956351887579683,172
s#835713,12,0.4193452783136952,172
s#1053193,9,0.3145089587352714,172
s#786952,12,0.4193452783136952,172
s#673959,6,0.2096726391568476,172
s#729895,12,0.4193452783136952,172
s#552575,12,0.4193452783136952,172
s#197010,36,1.2580358349410856,172
s#135673,18,0.6290179174705428,172
s#731546,12,0.4193452783136952,172
s#743785,12,0.4193452783136952,172
s#744291,12,0.4193452783136952,172
s#77972,12,0.4193452783136952,172
s#1047787,12,0.4193452783136952,172
s#1026646,12,0.4193452783136952,172
s#10037,8,0.27956351887579683,172
s#739069,12,0.4193452783136952,172
s#202485,8,0.27956351887579683,172
s#836209,5,0.174727199297373,172
s#736490,8,0.27956351887579683,172
s#76670,4,0.13978175943789842,172
s#146909,4,0.13978175943789842,172
s#638941,4,0.13978175943789842,172
s#700772,4,0.13978175943789842,172
s#1015964,5,0.174727199297373,172
s#982173,5,0.174727199297373,172
s#800973,5,0.174727199297373,172
s#940700,8,0.27956351887579683,172
s#289288,5,0.174727199297373,172
s#811681,5,0.174727199297373,172
s#694772,5,0.174727199297373,172
s#167821,5,0.174727199297373,172
s#154125,6,0.2096726391568476,172
s#952649,8,0.27956351887579683,172
s#534627,7,0.2446180790163222,172
s#646007,6,0.2096726391568476,172
s#692077,6,0.2096726391568476,172
s#537528,6,0.2096726391568476,172
s#197595,7,0.2446180790163222,172
s#705102,6,0.2096726391568476,172
s#626355,6,0.2096726391568476,172
s#360349,6,0.2096726391568476,172
s#353602,6,0.2096726391568476,172
s#1025460,15,0.5241815978921189,180
s#1045950,15,0.5241815978921189,180
s#826018,12,0.4193452783136952,180
s#812821,12,0.4193452783136952,180
s#795416,12,0.4193452783136952,180
s#795059,12,0.4193452783136952,180
s#773682,12,0.4193452783136952,180
s#185991,12,0.4193452783136952,180
s#733769,12,0.4193452783136952,180
s#358367,20,0.698908797189492,180
s#679636,12,0.4193452783136952,180
s#679515,12,0.4193452783136952,180
s#679512,12,0.4193452783136952,180
s#164858,12,0.4193452783136952,180
s#655328,12,0.4193452783136952,180
s#244869,12,0.4193452783136952,180
s#611631,12,0.4193452783136952,180
s#803875,12,0.4193452783136952,180
s#914801,15,0.5241815978921189,180
s#43019,12,0.4193452783136952,180
s#899849,15,0.5241815978921189,180
s#426672,15,0.5241815978921189,180
s#618563,15,0.5241815978921189,180
s#79545,15,0.5241815978921189,180
s#442152,36,1.2580358349410856,180
s#459610,24,0.8386905566273904,180
s#848153,20,0.698908797189492,180
s#774947,20,0.698908797189492,180
s#26398,20,0.698908797189492,180
s#678678,20,0.698908797189492,180
s#441914,20,0.698908797189492,180
s#1067627,20,0.698908797189492,180
s#243548,18,0.6290179174705428,180
s#1011965,18,0.6290179174705428,180
s#994732,18,0.6290179174705428,180
s#610986,16,0.5591270377515937,180
s#197702,24,0.8386905566273904,180
s#521507,16,0.5591270377515937,180
s#610614,16,0.5591270377515937,180
s#419222,15,0.5241815978921189,180
s#529282,15,0.5241815978921189,180
s#589266,15,0.5241815978921189,180
s#624861,15,0.5241815978921189,180
s#515285,15,0.5241815978921189,180
s#970897,16,0.5591270377515937,180
s#105131,16,0.5591270377515937,180
s#634683,16,0.5591270377515937,180
s#718398,16,0.5591270377515937,180
s#736720,15,0.5241815978921189,180
s#148627,15,0.5241815978921189,180
s#551014,24,0.8386905566273904,184
s#307697,24,0.8386905566273904,184
s#568752,20,0.698908797189492,184
s#279513,24,0.8386905566273904,184
s#454766,20,0.698908797189492,184
s#963350,24,0.8386905566273904,184
s#1025835,24,0.8386905566273904,184
s#143150,21,0.7338542370489667,184
s#33381,21,0.7338542370489667,184
s#739168,20,0.698908797189492,184
s#473404,20,0.698908797189492,184
s#634233,20,0.698908797189492,184
s#633006,20,0.698908797189492,184
s#517070,20,0.698908797189492,184
s#547130,20,0.698908797189492,184
s#454398,20,0.698908797189492,184
s#714660,20,0.698908797189492,184
s#13092,20,0.698908797189492,184
s#341594,20,0.698908797189492,184
s#742258,24,0.8386905566273904,184
s#1001464,20,0.698908797189492,184
s#635791,20,0.698908797189492,184
s#907113,25,0.8736359964868651,184
s#569058,35,1.223090395081611,184
s#515738,25,0.8736359964868651,184
s#750036,20,0.698908797189492,184
s#625702,20,0.698908797189492,184
s#154155,101,3.529489425806935,184
s#154162,66,2.306399030725324,184
s#910448,48,1.677381113254781,184
s#910414,48,1.677381113254781,184
s#154114,42,1.4677084740979334,184
s#341132,39,1.3628721545195095,184
s#551005,36,1.2580358349410856,184
s#530437,36,1.2580358349410856,184
s#568463,25,0.8736359964868651,184
s#785010,36,1.2580358349410856,184
s#625666,32,1.1182540755031873,184
s#963344,30,1.0483631957842379,184
s#154142,28,0.9784723160652888,184
s#200347,28,0.9784723160652888,184
s#910413,28,0.9784723160652888,184
s#963252,28,0.9784723160652888,184
s#629892,27,0.9435268762058142,184
s#436055,27,0.9435268762058142,184
s#966151,26,0.9085814363463397,184
s#145071,25,0.8736359964868651,184
s#144887,35,1.223090395081611,184
s#334124,20,0.698908797189492,184
s#442701,24,0.8386905566273904,184
s#392865,20,0.698908797189492,188
s#370308,20,0.698908797189492,188
s#105284,16,0.5591270377515937,188
s#774338,20,0.698908797189492,188
s#1061721,20,0.698908797189492,188
s#904025,19,0.6639633573300174,188
s#447906,18,0.6290179174705428,188
s#903411,18,0.6290179174705428,188
s#250711,18,0.6290179174705428,188
s#328672,18,0.6290179174705428,188
s#566537,16,0.5591270377515937,188
s#653802,16,0.5591270377515937,188
s#302317,18,0.6290179174705428,188
s#1017838,17,0.5940724776110683,188
s#666076,16,0.5591270377515937,188
s#313930,16,0.5591270377515937,188
s#221719,16,0.5591270377515937,188
s#618508,16,0.5591270377515937,188
s#618478,16,0.5591270377515937,188
s#589972,16,0.5591270377515937,188
s#584240,16,0.5591270377515937,188
s#1033615,16,0.5591270377515937,188
s#600782,16,0.5591270377515937,188
s#522988,16,0.5591270377515937,188
s#949056,16,0.5591270377515937,188
s#256517,16,0.5591270377515937,188
s#622727,16,0.5591270377515937,188
s#1001683,16,0.5591270377515937,188
s#328577,20,0.698908797189492,188
s#70802,20,0.698908797189492,188
s#4905,16,0.5591270377515937,188
s#442887,20,0.698908797189492,188
s#515631,42,1.4677084740979334,188
s#538761,36,1.2580358349410856,188
s#370995,32,1.1182540755031873,188
s#1062560,32,1.1182540755031873,188
s#629037,30,1.0483631957842379,188
s#136626,25,0.8736359964868651,188
s#302821,20,0.698908797189492,188
s#381668,24,0.8386905566273904,188
s#217038,25,0.8736359964868651,188
s#523031,20,0.698908797189492,188
s#416687,20,0.698908797189492,188
s#626318,21,0.7338542370489667,188
s#149119,20,0.698908797189492,188
s#504107,20,0.698908797189492,188
s#136929,20,0.698908797189492,188
s#529591,20,0.698908797189492,188
s#26816,20,0.698908797189492,188
s#549504,20,0.698908797189492,188
s#395066,1,0.034945439859474604,192
s#808086,1,0.034945439859474604,192
s#808574,1,0.034945439859474604,192
s#387473,1,0.034945439859474604,192
s#818964,1,0.034945439859474604,192
s#820142,1,0.034945439859474604,192
s#231473,1,0.034945439859474604,192
s#418740,1,0.034945439859474604,192
s#543064,1,0.034945439859474604,192
s#767685,1,0.034945439859474604,192
s#640587,1,0.034945439859474604,192
s#677946,1,0.034945439859474604,192
s#370155,1,0.034945439859474604,192
s#272647,1,0.034945439859474604,192
s#704753,1,0.034945439859474604,192
s#472595,1,0.034945439859474604,192
s#767687,1,0.034945439859474604,192
s#578475,1,0.034945439859474604,192
s#555145,1,0.034945439859474604,192
s#511130,1,0.034945439859474604,192
s#514523,1,0.034945439859474604,192
s#415867,1,0.034945439859474604,192
s#521033,1,0.034945439859474604,192
s#468854,1,0.034945439859474604,192
s#821342,1,0.034945439859474604,192
s#718458,1,0.034945439859474604,192
s#514917,1,0.034945439859474604,192
s#543194,1,0.034945439859474604,192
s#1061540,1,0.034945439859474604,192
s#208470,1,0.034945439859474604,192
s#506246,1,0.034945439859474604,192
s#546315,1,0.034945439859474604,192
s#550236,1,0.034945439859474604,192
s#825397,1,0.034945439859474604,192
s#558203,1,0.034945439859474604,192
s#575142,1,0.034945439859474604,192
s#576663,1,0.034945439859474604,192
s#580335,1,0.034945439859474604,192
s#842729,1,0.034945439859474604,192
s#1004982,1,0.034945439859474604,192
s#389925,2,0.06989087971894921,192
s#550278,1,0.034945439859474604,192
s#389953,1,0.034945439859474604,192
s#849394,1,0.034945439859474604,192
s#853700,1,0.034945439859474604,192
s#951712,1,0.034945439859474604,192
s#443978,2,0.06989087971894921,192
s#389889,2,0.06989087971894921,192
s#911198,1,0.034945439859474604,192
s#939763,1,0.034945439859474604,192
s#665808,32,1.1182540755031873,196
s#475026,32,1.1182540755031873,196
s#815360,34,1.1881449552221366,196
s#154167,34,1.1881449552221366,196
s#931488,35,1.223090395081611,196
s#555224,25,0.8736359964868651,196
s#233194,35,1.223090395081611,196
s#137291,35,1.223090395081611,196
s#584842,35,1.223090395081611,196
s#586049,35,1.223090395081611,196
s#599228,39,1.3628721545195095,196
s#180896,40,1.397817594378984,196
s#414838,40,1.397817594378984,196
s#585048,42,1.4677084740979334,196
s#359171,48,1.677381113254781,196
s#896582,49,1.7123265531142553,196
s#377101,30,1.0483631957842379,196
s#468600,30,1.0483631957842379,196
s#255691,30,1.0483631957842379,196
s#573056,28,0.9784723160652888,196
s#662013,25,0.8736359964868651,196
s#562890,25,0.8736359964868651,196
s#204892,25,0.8736359964868651,196
s#959717,25,0.8736359964868651,196
s#977116,25,0.8736359964868651,196
s#28405,25,0.8736359964868651,196
s#231474,25,0.8736359964868651,196
s#331056,25,0.8736359964868651,196
s#1058153,25,0.8736359964868651,196
s#414197,24,0.8386905566273904,196
s#675351,24,0.8386905566273904,196
s#147886,24,0.8386905566273904,196
s#636160,25,0.8736359964868651,196
s#586078,24,0.8386905566273904,196
s#553443,24,0.8386905566273904,196
s#207776,24,0.8386905566273904,196
s#475205,24,0.8386905566273904,196
s#959760,25,0.8736359964868651,196
s#139502,26,0.9085814363463397,196
s#154166,27,0.9435268762058142,196
s#417524,27,0.9435268762058142,196
s#552998,28,0.9784723160652888,196
s#69686,28,0.9784723160652888,196
s#208412,28,0.9784723160652888,196
s#121083,28,0.9784723160652888,196
s#214720,28,0.9784723160652888,196
s#585562,24,0.8386905566273904,196
s#373751,32,1.1182540755031873,196
s#421284,54,1.8870537524116284,196
s#379504,54,1.8870537524116284,196
s#746137,30,1.0483631957842379,199
s#577935,32,1.1182540755031873,199
s#531292,32,1.1182540755031873,199
s#529410,32,1.1182540755031873,199
s#424288,32,1.1182540755031873,199
s#1014479,32,1.1182540755031873,199
s#207224,32,1.1182540755031873,199
s#273301,32,1.1182540755031873,199
s#748399,32,1.1182540755031873,199
s#967232,32,1.1182540755031873,199
s#474736,30,1.0483631957842379,199
s#309035,30,1.0483631957842379,199
s#553993,30,1.0483631957842379,199
s#188663,30,1.0483631957842379,199
s#308949,30,1.0483631957842379,199
s#183219,30,1.0483631957842379,199
s#425616,30,1.0483631957842379,199
s#310703,30,1.0483631957842379,199
s#1008221,30,1.0483631957842379,199
s#636007,29,1.0134177559247635,199
s#578299,28,0.9784723160652888,199
s#1028956,28,0.9784723160652888,199
s#514283,28,0.9784723160652888,199
s#581115,28,0.9784723160652888,199
s#444449,28,0.9784723160652888,199
s#429184,28,0.9784723160652888,199
s#107484,28,0.9784723160652888,199
s#327917,28,0.9784723160652888,199
s#165911,28,0.9784723160652888,199
s#742280,28,0.9784723160652888,199
s#813244,33,1.153199515362662,199
s#773885,34,1.1881449552221366,199
s#273339,32,1.1182540755031873,199
s#233314,35,1.223090395081611,199
s#423636,80,2.795635188757968,199
s#554719,54,1.8870537524116284,199
s#602091,49,1.7123265531142553,199
s#196214,35,1.223090395081611,199
s#290339,42,1.4677084740979334,199
s#553681,40,1.397817594378984,199
s#395008,40,1.397817594378984,199
s#211635,40,1.397817594378984,199
s#531581,36,1.2580358349410856,199
s#990806,42,1.4677084740979334,199
s#460184,35,1.223090395081611,199
s#262366,35,1.223090395081611,199
s#9399,35,1.223090395081611,199
s#219857,35,1.223090395081611,199
s#327931,36,1.2580358349410856,199
s#441419,36,1.2580358349410856,199
s#57740,2,0.06989087971894921,203
s#61550,2,0.06989087971894921,203
s#379867,2,0.06989087971894921,203
s#59689,2,0.06989087971894921,203
s#297195,2,0.06989087971894921,203
s#174124,2,0.06989087971894921,203
s#216103,2,0.06989087971894921,203
s#217013,2,0.06989087971894921,203
s#714701,2,0.06989087971894921,203
s#797692,2,0.06989087971894921,203
s#858006,2,0.06989087971894921,203
s#340406,3,0.1048363195784238,203
s#71948,3,0.1048363195784238,203
s#194811,3,0.1048363195784238,203
s#178539,3,0.1048363195784238,203
s#250083,2,0.06989087971894921,203
s#746194,3,0.1048363195784238,203
s#860050,3,0.1048363195784238,203
s#659642,1,0.034945439859474604,203
s#210209,2,0.06989087971894921,203
s#214954,2,0.06989087971894921,203
s#971707,3,0.1048363195784238,203
s#1054841,2,0.06989087971894921,203
s#455322,2,0.06989087971894921,203
s#297505,2,0.06989087971894921,203
s#337389,3,0.1048363195784238,203
s#512162,1,0.034945439859474604,203
s#144481,3,0.1048363195784238,203
s#782384,1,0.034945439859474604,203
s#751613,3,0.1048363195784238,203
s#283480,6,0.2096726391568476,203
s#100566,4,0.13978175943789842,203
s#715380,4,0.13978175943789842,203
s#143686,4,0.13978175943789842,203
s#1008115,4,0.13978175943789842,203
s#376126,1,0.034945439859474604,203
s#571450,3,0.1048363195784238,203
s#1035358,3,0.1048363195784238,203
s#746201,1,0.034945439859474604,203
s#1040039,4,0.13978175943789842,203
s#71942,1,0.034945439859474604,203
s#71808,1,0.034945439859474604,203
s#52801,1,0.034945439859474604,203
s#648755,1,0.034945439859474604,203
s#52590,1,0.034945439859474604,203
s#653034,1,0.034945439859474604,203
s#65835,1,0.034945439859474604,203
s#375725,1,0.034945439859474604,203
s#118654,1,0.034945439859474604,203
s#220796,1,0.034945439859474604,203
s#521410,5,0.174727199297373,207
s#215632,5,0.174727199297373,207
s#153655,4,0.13978175943789842,207
s#758090,5,0.174727199297373,207
s#486901,4,0.13978175943789842,207
s#215522,5,0.174727199297373,207
s#329644,6,0.2096726391568476,207
s#220758,5,0.174727199297373,207
s#378348,2,0.06989087971894921,207
s#757400,4,0.13978175943789842,207
s#727890,4,0.13978175943789842,207
s#783342,4,0.13978175943789842,207
s#831035,4,0.13978175943789842,207
s#283979,4,0.13978175943789842,207
s#502812,4,0.13978175943789842,207
s#61094,4,0.13978175943789842,207
s#1044238,4,0.13978175943789842,207
s#150330,4,0.13978175943789842,207
s#150475,4,0.13978175943789842,207
s#200302,4,0.13978175943789842,207
s#652638,2,0.06989087971894921,207
s#416050,2,0.06989087971894921,207
s#535726,2,0.06989087971894921,207
s#162464,2,0.06989087971894921,207
s#416108,2,0.06989087971894921,207
s#759194,2,0.06989087971894921,207
s#571204,3,0.1048363195784238,207
s#391322,2,0.06989087971894921,207
s#504635,3,0.1048363195784238,207
s#361372,3,0.1048363195784238,207
s#752862,3,0.1048363195784238,207
s#736947,3,0.1048363195784238,207
s#668382,3,0.1048363195784238,207
s#664633,3,0.1048363195784238,207
s#74209,3,0.1048363195784238,207
s#433068,3,0.1048363195784238,207
s#333446,3,0.1048363195784238,207
s#188937,3,0.1048363195784238,207
s#330215,3,0.1048363195784238,207
s#529632,3,0.1048363195784238,207
s#100274,3,0.1048363195784238,207
s#957237,3,0.1048363195784238,207
s#178501,3,0.1048363195784238,207
s#178748,3,0.1048363195784238,207
s#1009640,3,0.1048363195784238,207
s#297228,3,0.1048363195784238,207
s#135807,3,0.1048363195784238,207
s#200314,3,0.1048363195784238,207
s#833210,3,0.1048363195784238,207
s#959878,3,0.1048363195784238,207
s#1034776,1,0.034945439859474604,211
s#215632,1,0.034945439859474604,211
s#648755,1,0.034945439859474604,211
s#671546,1,0.034945439859474604,211
s#545036,1,0.034945439859474604,211
s#705883,1,0.034945439859474604,211
s#745320,1,0.034945439859474604,211
s#780474,1,0.034945439859474604,211
s#675063,1,0.034945439859474604,211
s#836481,1,0.034945439859474604,211
s#796282,1,0.034945439859474604,211
s#943807,1,0.034945439859474604,211
s#955756,1,0.034945439859474604,211
s#250083,1,0.034945439859474604,211
s#989790,1,0.034945439859474604,211
s#120344,2,0.06989087971894921,211
s#645255,2,0.06989087971894921,211
s#876599,1,0.034945439859474604,211
s#454911,1,0.034945439859474604,211
s#552876,1,0.034945439859474604,211
s#215522,1,0.034945439859474604,211
s#1029328,1,0.034945439859474604,211
s#1009048,1,0.034945439859474604,211
s#993037,1,0.034945439859474604,211
s#634683,1,0.034945439859474604,211
s#454545,1,0.034945439859474604,211
s#806269,1,0.034945439859474604,211
s#525393,1,0.034945439859474604,211
s#217037,1,0.034945439859474604,211
s#706397,1,0.034945439859474604,211
s#551110,2,0.06989087971894921,211
s#71808,1,0.034945439859474604,211
s#399490,1,0.034945439859474604,211
s#746165,1,0.034945439859474604,211
s#60738,1,0.034945439859474604,211
s#377660,1,0.034945439859474604,211
s#154313,1,0.034945439859474604,211
s#968651,1,0.034945439859474604,211
s#214952,1,0.034945439859474604,211
s#48269,1,0.034945439859474604,211
s#333221,2,0.06989087971894921,214
s#586456,2,0.06989087971894921,214
s#936089,2,0.06989087971894921,214
s#937975,1,0.034945439859474604,214
s#787310,1,0.034945439859474604,214
s#246691,1,0.034945439859474604,214
s#430384,2,0.06989087971894921,214
s#529027,1,0.034945439859474604,214
s#686407,1,0.034945439859474604,214
s#948038,2,0.06989087971894921,214
s#766534,2,0.06989087971894921,214
s#218799,2,0.06989087971894921,214
s#86699,2,0.06989087971894921,214
s#949924,1,0.034945439859474604,214
s#809739,8,0.27956351887579683,214
s#43422,6,0.2096726391568476,214
s#513637,5,0.174727199297373,214
s#215346,5,0.174727199297373,214
s#384789,4,0.13978175943789842,214
s#796042,4,0.13978175943789842,214
s#843154,4,0.13978175943789842,214
s#248189,3,0.1048363195784238,214
s#696813,3,0.1048363195784238,214
s#87161,3,0.1048363195784238,214
s#103367,3,0.1048363195784238,214
s#824693,7,0.2446180790163222,214
s#529403,1,0.034945439859474604,214
s#698216,2,0.06989087971894921,214
s#898525,4,0.13978175943789842,222
s#1013134,8,0.27956351887579683,222
s#211667,7,0.2446180790163222,222
s#632684,6,0.2096726391568476,222
s#1024713,6,0.2096726391568476,222
s#819398,6,0.2096726391568476,222
s#545085,5,0.174727199297373,222
s#390143,4,0.13978175943789842,222
s#790342,8,0.27956351887579683,222
s#62127,4,0.13978175943789842,222
s#100233,4,0.13978175943789842,222
s#323082,3,0.1048363195784238,222
s#898347,3,0.1048363195784238,222
s#443876,3,0.1048363195784238,222
s#310010,3,0.1048363195784238,222
s#1055070,3,0.1048363195784238,222
s#153263,3,0.1048363195784238,222
s#443874,4,0.13978175943789842,222
s#85472,8,0.27956351887579683,222
s#491131,8,0.27956351887579683,222
s#626249,8,0.27956351887579683,222
s#254016,12,0.4193452783136952,222
s#220453,12,0.4193452783136952,222
s#26038,12,0.4193452783136952,222
s#209805,15,0.5241815978921189,222
s#380739,15,0.5241815978921189,222
s#433192,15,0.5241815978921189,222
s#73183,16,0.5591270377515937,222
s#814125,24,0.8386905566273904,222
s#814120,12,0.4193452783136952,222
s#935982,12,0.4193452783136952,222
s#947931,12,0.4193452783136952,222
s#237924,10,0.349454398594746,222
s#273131,10,0.349454398594746,222
s#256257,10,0.349454398594746,222
s#605393,9,0.3145089587352714,222
s#225931,9,0.3145089587352714,222
s#1041644,9,0.3145089587352714,222
s#730668,3,0.1048363195784238,222
s#971210,3,0.1048363195784238,222
s#900141,2,0.06989087971894921,222
s#100770,2,0.06989087971894921,222
s#831337,2,0.06989087971894921,222
s#718823,2,0.06989087971894921,222
s#100646,2,0.06989087971894921,222
s#244401,2,0.06989087971894921,222
s#483899,2,0.06989087971894921,222
s#83034,2,0.06989087971894921,222
s#567272,2,0.06989087971894921,222
s#634619,2,0.06989087971894921,222
s#507675,30,1.0483631957842379,226
s#630273,30,1.0483631957842379,226
s#190732,30,1.0483631957842379,226
s#948670,25,0.8736359964868651,226
s#415814,25,0.8736359964868651,226
s#342445,27,0.9435268762058142,226
s#608620,27,0.9435268762058142,226
s#187029,28,0.9784723160652888,226
s#988238,29,1.0134177559247635,226
s#1026327,30,1.0483631957842379,226
s#531902,35,1.223090395081611,226
s#973622,32,1.1182540755031873,226
s#453735,35,1.223090395081611,226
s#1025850,30,1.0483631957842379,226
s#982010,36,1.2580358349410856,226
s#186793,36,1.2580358349410856,226
s#988235,36,1.2580358349410856,226
s#202781,37,1.2929812748005602,226
s#338372,42,1.4677084740979334,226
s#25056,42,1.4677084740979334,226
s#601360,42,1.4677084740979334,226
s#439101,71,2.4811262300226966,226
s#541905,32,1.1182540755031873,226
s#620520,30,1.0483631957842379,226
s#137151,25,0.8736359964868651,226
s#626408,30,1.0483631957842379,226
s#515876,30,1.0483631957842379,226
s#218422,30,1.0483631957842379,226
s#509572,30,1.0483631957842379,226
s#496104,30,1.0483631957842379,226
s#223761,30,1.0483631957842379,226
s#439964,30,1.0483631957842379,226
s#150317,30,1.0483631957842379,226
s#28381,25,0.8736359964868651,226
s#193943,25,0.8736359964868651,226
s#323359,25,0.8736359964868651,226
s#973620,30,1.0483631957842379,226
s#523391,25,0.8736359964868651,226
s#241053,25,0.8736359964868651,226
s#63838,25,0.8736359964868651,226
s#426155,25,0.8736359964868651,226
s#620376,25,0.8736359964868651,226
s#555715,25,0.8736359964868651,226
s#196042,25,0.8736359964868651,226
s#408246,25,0.8736359964868651,226
s#606226,25,0.8736359964868651,226
s#783221,25,0.8736359964868651,226
s#640614,25,0.8736359964868651,226
s#608452,25,0.8736359964868651,226
s#641132,30,1.0483631957842379,226
s#28515,35,1.223090395081611,230
s#860448,30,1.0483631957842379,230
s#548001,25,0.8736359964868651,230
s#1052981,20,0.698908797189492,230
s#426394,24,0.8386905566273904,230
s#640538,24,0.8386905566273904,230
s#584136,24,0.8386905566273904,230
s#495707,24,0.8386905566273904,230
s#557851,24,0.8386905566273904,230
s#149239,24,0.8386905566273904,230
s#525339,24,0.8386905566273904,230
s#455485,24,0.8386905566273904,230
s#185703,25,0.8736359964868651,230
s#547052,25,0.8736359964868651,230
s#359625,25,0.8736359964868651,230
s#508587,25,0.8736359964868651,230
s#335920,30,1.0483631957842379,230
s#1039230,25,0.8736359964868651,230
s#588393,25,0.8736359964868651,230
s#552963,25,0.8736359964868651,230
s#508539,25,0.8736359964868651,230
s#905695,25,0.8736359964868651,230
s#437763,25,0.8736359964868651,230
s#474,25,0.8736359964868651,230
s#424848,20,0.698908797189492,230
s#973660,25,0.8736359964868651,230
s#701655,20,0.698908797189492,230
s#584019,20,0.698908797189492,230
s#184986,20,0.698908797189492,230
s#423044,20,0.698908797189492,230
s#161205,20,0.698908797189492,230
s#250947,20,0.698908797189492,230
s#200354,20,0.698908797189492,230
s#25790,20,0.698908797189492,230
s#552298,20,0.698908797189492,230
s#1009717,20,0.698908797189492,230
s#632996,20,0.698908797189492,230
s#586317,20,0.698908797189492,230
s#267778,20,0.698908797189492,230
s#87787,20,0.698908797189492,230
s#240070,20,0.698908797189492,230
s#482407,20,0.698908797189492,230
s#1028829,20,0.698908797189492,230
s#564198,20,0.698908797189492,230
s#224190,20,0.698908797189492,230
s#524284,20,0.698908797189492,230
s#524510,20,0.698908797189492,230
s#550532,20,0.698908797189492,230
s#211056,20,0.698908797189492,230
s#463632,20,0.698908797189492,230
s#526527,20,0.698908797189492,234
s#758608,12,0.4193452783136952,234
s#397090,16,0.5591270377515937,234
s#34283,6,0.2096726391568476,234
s#378714,16,0.5591270377515937,234
s#100040,3,0.1048363195784238,234
s#594095,3,0.1048363195784238,234
s#784611,3,0.1048363195784238,234
s#735521,3,0.1048363195784238,234
s#588967,3,0.1048363195784238,234
s#856282,16,0.5591270377515937,234
s#1033589,4,0.13978175943789842,234
s#879233,4,0.13978175943789842,234
s#592036,3,0.1048363195784238,234
s#167318,4,0.13978175943789842,234
s#486991,4,0.13978175943789842,234
s#837003,4,0.13978175943789842,234
s#593602,4,0.13978175943789842,234
s#593894,4,0.13978175943789842,234
s#739560,4,0.13978175943789842,234
s#761482,6,0.2096726391568476,234
s#593323,6,0.2096726391568476,234
s#647768,6,0.2096726391568476,234
s#19795,4,0.13978175943789842,234
s#360890,3,0.1048363195784238,234
s#31969,3,0.1048363195784238,234
s#1048830,3,0.1048363195784238,234
s#829787,6,0.2096726391568476,234
s#964470,3,0.1048363195784238,234
s#594097,9,0.3145089587352714,234
s#55888,9,0.3145089587352714,234
s#104037,9,0.3145089587352714,234
s#842115,9,0.3145089587352714,234
s#646828,8,0.27956351887579683,234
s#875117,8,0.27956351887579683,234
s#998812,8,0.27956351887579683,234
s#64349,10,0.349454398594746,234
s#405818,1,0.034945439859474604,234
s#550796,1,0.034945439859474604,234
s#877377,2,0.06989087971894921,234
s#77380,2,0.06989087971894921,234
s#31996,2,0.06989087971894921,234
s#593618,2,0.06989087971894921,234
s#594098,2,0.06989087971894921,234
s#317056,1,0.034945439859474604,234
s#831604,2,0.06989087971894921,234
s#816838,3,0.1048363195784238,238
s#251134,4,0.13978175943789842,238
s#409165,5,0.174727199297373,238
s#320403,5,0.174727199297373,238
s#1063513,6,0.2096726391568476,238
s#320674,6,0.2096726391568476,238
s#330546,6,0.2096726391568476,238
s#502123,8,0.27956351887579683,238
s#371745,6,0.2096726391568476,238
s#764559,8,0.27956351887579683,238
s#106983,10,0.349454398594746,238
s#608016,10,0.349454398594746,238
s#184029,12,0.4193452783136952,238
s#843288,12,0.4193452783136952,238
s#628333,12,0.4193452783136952,238
s#410591,3,0.1048363195784238,238
s#409436,6,0.2096726391568476,238
s#601371,3,0.1048363195784238,238
s#582262,3,0.1048363195784238,238
s#321829,3,0.1048363195784238,238
s#376503,2,0.06989087971894921,238
s#483477,2,0.06989087971894921,238
s#140927,2,0.06989087971894921,238
s#702493,2,0.06989087971894921,238
s#839085,2,0.06989087971894921,238
s#485980,1,0.034945439859474604,238
s#633014,1,0.034945439859474604,238
s#498772,25,0.8736359964868651,242
s#378370,25,0.8736359964868651,242
s#339831,25,0.8736359964868651,242
s#640614,25,0.8736359964868651,242
s#299463,36,1.2580358349410856,242
s#216260,25,0.8736359964868651,242
s#595449,28,0.9784723160652888,242
s#406600,25,0.8736359964868651,242
s#208781,28,0.9784723160652888,242
s#232361,25,0.8736359964868651,242
s#508798,25,0.8736359964868651,242
s#555403,25,0.8736359964868651,242
s#498767,25,0.8736359964868651,242
s#604630,25,0.8736359964868651,242
s#533173,28,0.9784723160652888,242
s#723995,25,0.8736359964868651,242
s#489538,25,0.8736359964868651,242
s#1053626,28,0.9784723160652888,242
s#334980,27,0.9435268762058142,242
s#213974,27,0.9435268762058142,242
s#471099,26,0.9085814363463397,242
s#507161,25,0.8736359964868651,242
s#598727,28,0.9784723160652888,242
s#11384,30,1.0483631957842379,242
s#680339,30,1.0483631957842379,242
s#715260,45,1.572544793676357,242
s#253650,46,1.6074902335358316,242
s#1047779,36,1.2580358349410856,242
s#213228,35,1.223090395081611,242
s#1030795,34,1.1881449552221366,242
s#555203,30,1.0483631957842379,242
s#887126,30,1.0483631957842379,242
s#598150,30,1.0483631957842379,242
s#406430,30,1.0483631957842379,242
s#339308,30,1.0483631957842379,242
s#331203,29,1.0134177559247635,242
s#223819,30,1.0483631957842379,242
s#631997,30,1.0483631957842379,242
s#574694,30,1.0483631957842379,242
s#137259,30,1.0483631957842379,242
s#633039,30,1.0483631957842379,242
s#73638,25,0.8736359964868651,242
s#317838,25,0.8736359964868651,242
s#332499,25,0.8736359964868651,242
s#336249,25,0.8736359964868651,242
s#276439,26,0.9085814363463397,242
s#317668,30,1.0483631957842379,242
s#333127,30,1.0483631957842379,242
s#621724,25,0.8736359964868651,242
s#332300,36,1.2580358349410856,242
s#769169,9,0.3145089587352714,246
s#443827,10,0.349454398594746,246
s#989341,10,0.349454398594746,246
s#26160,10,0.349454398594746,246
s#606872,10,0.349454398594746,246
s#426590,10,0.349454398594746,246
s#491173,10,0.349454398594746,246
s#506694,10,0.349454398594746,246
s#217906,11,0.3843998384542206,246
s#647877,11,0.3843998384542206,246
s#639378,11,0.3843998384542206,246
s#190450,14,0.4892361580326444,246
s#348731,15,0.5241815978921189,246
s#25660,11,0.3843998384542206,246
s#190775,11,0.3843998384542206,246
s#457697,11,0.3843998384542206,246
s#137486,17,0.5940724776110683,246
s#509277,11,0.3843998384542206,246
s#981955,11,0.3843998384542206,246
s#219677,12,0.4193452783136952,246
s#548888,12,0.4193452783136952,246
s#521183,12,0.4193452783136952,246
s#779580,10,0.349454398594746,246
s#759404,10,0.349454398594746,246
s#299287,10,0.349454398594746,246
s#674185,10,0.349454398594746,246
s#120149,9,0.3145089587352714,246
s#967795,9,0.3145089587352714,246
s#355326,9,0.3145089587352714,246
s#377646,9,0.3145089587352714,246
s#369313,9,0.3145089587352714,246
s#641067,9,0.3145089587352714,246
s#459361,9,0.3145089587352714,246
s#504261,9,0.3145089587352714,246
s#843899,9,0.3145089587352714,246
s#986408,9,0.3145089587352714,246
s#218474,17,0.5940724776110683,246
s#378410,9,0.3145089587352714,246
s#1048381,10,0.349454398594746,246
s#1041613,10,0.349454398594746,246
s#660757,10,0.349454398594746,246
s#610222,10,0.349454398594746,246
s#592326,10,0.349454398594746,246
s#591711,10,0.349454398594746,246
s#588770,10,0.349454398594746,246
s#184498,10,0.349454398594746,246
s#225900,10,0.349454398594746,246
s#433453,10,0.349454398594746,246
s#543556,9,0.3145089587352714,246
s#123535,9,0.3145089587352714,246
s#480533,4,0.13978175943789842,250
s#544065,6,0.2096726391568476,250
s#31745,4,0.13978175943789842,250
s#31901,4,0.13978175943789842,250
s#536092,4,0.13978175943789842,250
s#536089,4,0.13978175943789842,250
s#263301,4,0.13978175943789842,250
s#730895,4,0.13978175943789842,250
s#909059,4,0.13978175943789842,250
s#10836,4,0.13978175943789842,250
s#551216,3,0.1048363195784238,250
s#421378,3,0.1048363195784238,250
s#552569,3,0.1048363195784238,250
s#503259,3,0.1048363195784238,250
s#480524,3,0.1048363195784238,250
s#456573,3,0.1048363195784238,250
s#857902,3,0.1048363195784238,250
s#404488,3,0.1048363195784238,250
s#396933,9,0.3145089587352714,250
s#103286,4,0.13978175943789842,250
s#536090,4,0.13978175943789842,250
s#106342,4,0.13978175943789842,250
s#572947,5,0.174727199297373,250
s#854874,5,0.174727199297373,250
s#522147,4,0.13978175943789842,250
s#536091,4,0.13978175943789842,250
s#482194,4,0.13978175943789842,250
s#464848,4,0.13978175943789842,250
s#443279,4,0.13978175943789842,250
s#437162,4,0.13978175943789842,250
s#422830,4,0.13978175943789842,250
s#617450,4,0.13978175943789842,250
s#107058,4,0.13978175943789842,250
s#960862,4,0.13978175943789842,250
s#536088,4,0.13978175943789842,250
s#325647,4,0.13978175943789842,250
s#32701,4,0.13978175943789842,250
s#386241,4,0.13978175943789842,250
s#1031523,4,0.13978175943789842,250
s#397803,3,0.1048363195784238,250
s#459274,3,0.1048363195784238,250
s#304769,3,0.1048363195784238,250
s#834324,3,0.1048363195784238,250
s#412121,5,0.174727199297373,250
s#207973,5,0.174727199297373,250
s#322480,5,0.174727199297373,250
s#328499,5,0.174727199297373,250
s#1045443,5,0.174727199297373,250
s#491966,5,0.174727199297373,250
s#211459,3,0.1048363195784238,250
s#595806,2,0.06989087971894921,252
s#211642,3,0.1048363195784238,252
s#613493,3,0.1048363195784238,252
s#79621,2,0.06989087971894921,252
s#541276,2,0.06989087971894921,252
s#542886,2,0.06989087971894921,252
s#561111,2,0.06989087971894921,252
s#572117,2,0.06989087971894921,252
s#585671,2,0.06989087971894921,252
s#591859,2,0.06989087971894921,252
s#852642,2,0.06989087971894921,252
s#613793,2,0.06989087971894921,252
s#478042,2,0.06989087971894921,252
s#537053,3,0.1048363195784238,252
s#613133,2,0.06989087971894921,252
s#153912,2,0.06989087971894921,252
s#767580,2,0.06989087971894921,252
s#606878,2,0.06989087971894921,252
s#545062,2,0.06989087971894921,252
s#618049,2,0.06989087971894921,252
s#613112,2,0.06989087971894921,252
s#511434,3,0.1048363195784238,252
s#444463,3,0.1048363195784238,252
s#636160,2,0.06989087971894921,252
s#638901,2,0.06989087971894921,252
s#644480,2,0.06989087971894921,252
s#610759,2,0.06989087971894921,252
s#250274,2,0.06989087971894921,252
s#777498,2,0.06989087971894921,252
s#831510,2,0.06989087971894921,252
s#837932,2,0.06989087971894921,252
s#870735,2,0.06989087971894921,252
s#975503,2,0.06989087971894921,252
s#996752,2,0.06989087971894921,252
s#999941,2,0.06989087971894921,252
s#1012055,2,0.06989087971894921,252
s#1016974,2,0.06989087971894921,252
s#761495,2,0.06989087971894921,252
s#1058732,3,0.1048363195784238,252
s#1050257,3,0.1048363195784238,252
s#1047442,3,0.1048363195784238,252
s#332182,3,0.1048363195784238,252
s#674622,3,0.1048363195784238,252
s#287434,3,0.1048363195784238,252
s#107498,3,0.1048363195784238,252
s#636303,3,0.1048363195784238,252
s#208769,3,0.1048363195784238,252
s#186895,3,0.1048363195784238,252
s#162403,3,0.1048363195784238,252
s#1012087,3,0.1048363195784238,252
